MSSubClass,LotFrontage,LotArea,OverallQual,OverallCond,MasVnrArea,1stFlrSF,2ndFlrSF,GrLivArea,FullBath,HalfBath,BedroomAbvGr,KitchenAbvGr,TotRmsAbvGrd,Fireplaces,GarageCars,GarageArea,WoodDeckSF,OpenPorchSF,SalePrice
60,65,8450,7,5,196,856,854,1710,2,1,3,1,8,0,2,548,0,61,208500
20,80,9600,6,8,0,1262,0,1262,2,0,3,1,6,1,2,460,298,0,181500
60,68,11250,7,5,162,920,866,1786,2,1,3,1,6,1,2,608,0,42,223500
70,60,9550,7,5,0,961,756,1717,1,0,3,1,7,1,3,642,0,35,140000
60,84,14260,8,5,350,1145,1053,2198,2,1,4,1,9,1,3,836,192,84,250000
50,85,14115,5,5,0,796,566,1362,1,1,1,1,5,0,2,480,40,30,143000
20,75,10084,8,5,186,1694,0,1694,2,0,3,1,7,1,2,636,255,57,307000
60,NA,10382,7,6,240,1107,983,2090,2,1,3,1,7,2,2,484,235,204,200000
50,51,6120,7,5,0,1022,752,1774,2,0,2,2,8,2,2,468,90,0,129900
190,50,7420,5,6,0,1077,0,1077,1,0,2,2,5,2,1,205,0,4,118000
20,70,11200,5,5,0,1040,0,1040,1,0,3,1,5,0,1,384,0,0,129500
60,85,11924,9,5,286,1182,1142,2324,3,0,4,1,11,2,3,736,147,21,345000
20,NA,12968,5,6,0,912,0,912,1,0,2,1,4,0,1,352,140,0,144000
20,91,10652,7,5,306,1494,0,1494,2,0,3,1,7,1,3,840,160,33,279500
20,NA,10920,6,5,212,1253,0,1253,1,1,2,1,5,1,1,352,0,213,157000
45,51,6120,7,8,0,854,0,854,1,0,2,1,5,0,2,576,48,112,132000
20,NA,11241,6,7,180,1004,0,1004,1,0,2,1,5,1,2,480,0,0,149000
90,72,10791,4,5,0,1296,0,1296,2,0,2,2,6,0,2,516,0,0,90000
20,66,13695,5,5,0,1114,0,1114,1,1,3,1,6,0,2,576,0,102,159000
20,70,7560,5,6,0,1339,0,1339,1,0,3,1,6,0,1,294,0,0,139000
60,101,14215,8,5,380,1158,1218,2376,3,1,4,1,9,1,3,853,240,154,325300
45,57,7449,7,7,0,1108,0,1108,1,0,3,1,6,1,1,280,0,0,139400
20,75,9742,8,5,281,1795,0,1795,2,0,3,1,7,1,2,534,171,159,230000
120,44,4224,5,7,0,1060,0,1060,1,0,3,1,6,1,2,572,100,110,129900
20,NA,8246,5,8,0,1060,0,1060,1,0,3,1,6,1,1,270,406,90,154000
20,110,14230,8,5,640,1600,0,1600,2,0,3,1,7,1,3,890,0,56,256300
20,60,7200,5,7,0,900,0,900,1,0,3,1,5,0,2,576,222,32,134800
20,98,11478,8,5,200,1704,0,1704,2,0,3,1,7,1,3,772,0,50,306000
20,47,16321,5,6,0,1600,0,1600,1,0,2,1,6,2,1,319,288,258,207500
30,60,6324,4,6,0,520,0,520,1,0,1,1,4,0,1,240,49,0,68500
70,50,8500,4,4,0,649,668,1317,1,0,3,1,6,0,1,250,0,54,40000
20,NA,8544,5,6,0,1228,0,1228,1,1,3,1,6,0,1,271,0,65,149350
20,85,11049,8,5,0,1234,0,1234,2,0,3,1,7,0,2,484,0,30,179900
20,70,10552,5,5,0,1700,0,1700,1,1,4,1,6,1,2,447,0,38,165500
120,60,7313,9,5,246,1561,0,1561,2,0,2,1,6,1,2,556,203,47,277500
60,108,13418,8,5,132,1132,1320,2452,3,1,4,1,9,1,3,691,113,32,309000
20,112,10859,5,5,0,1097,0,1097,1,1,3,1,6,0,2,672,392,64,145000
20,74,8532,5,6,650,1297,0,1297,1,0,3,1,5,1,2,498,0,0,153000
20,68,7922,5,7,0,1057,0,1057,1,0,3,1,5,0,1,246,0,52,109000
90,65,6040,4,5,0,1152,0,1152,2,0,2,2,6,0,0,0,0,0,82000
20,84,8658,6,5,101,1324,0,1324,2,0,3,1,6,1,2,440,0,138,160000
20,115,16905,5,6,0,1328,0,1328,1,1,2,1,5,2,1,308,0,104,170000
85,NA,9180,5,7,0,884,0,884,1,0,2,1,5,0,2,504,240,0,144000
20,NA,9200,5,6,0,938,0,938,1,0,3,1,5,0,1,308,145,0,130250
20,70,7945,5,6,0,1150,0,1150,1,0,3,1,6,0,1,300,0,0,141000
120,61,7658,9,5,412,1752,0,1752,2,0,2,1,6,1,2,576,196,82,319900
50,48,12822,7,5,0,1518,631,2149,1,1,1,1,6,1,2,670,168,43,239686
20,84,11096,8,5,0,1656,0,1656,2,0,3,1,7,0,3,826,0,146,249700
190,33,4456,4,5,0,736,716,1452,2,0,2,3,8,0,0,0,0,0,113000
20,66,7742,5,7,0,955,0,955,1,0,3,1,6,0,1,386,0,0,127000
60,NA,13869,6,6,0,794,676,1470,2,0,3,1,6,0,2,388,0,75,177000
50,52,6240,6,6,0,816,0,1176,1,0,3,1,6,1,2,528,112,0,114500
90,110,8472,5,5,0,816,0,816,1,0,2,1,5,0,2,516,106,0,110000
20,68,50271,9,5,0,1842,0,1842,0,1,0,1,5,1,3,894,857,72,385000
80,60,7134,5,5,0,1360,0,1360,1,0,3,1,6,1,2,572,0,50,130000
20,100,10175,6,5,272,1425,0,1425,2,0,3,1,7,1,2,576,0,0,180500
160,24,2645,8,5,456,983,756,1739,2,1,3,1,7,0,2,480,115,0,172500
60,89,11645,7,5,0,860,860,1720,2,1,3,1,7,0,2,565,0,70,196500
60,66,13682,10,5,1031,1426,1519,2945,3,1,3,1,10,1,3,641,192,0,438780
20,60,7200,5,7,0,780,0,780,1,0,2,1,4,0,1,352,196,0,124900
20,63,13072,6,5,0,1158,0,1158,1,1,3,1,5,0,2,576,0,50,158000
75,60,7200,5,7,0,581,530,1111,1,0,3,1,6,0,1,288,0,0,101000
120,44,6442,8,5,178,1370,0,1370,2,0,2,1,6,1,2,484,120,49,202500
70,50,10300,7,6,0,902,808,1710,2,0,3,1,9,0,2,480,12,11,140000
60,NA,9375,7,5,573,1057,977,2034,2,1,3,1,8,0,2,645,576,36,219500
60,76,9591,8,5,344,1143,1330,2473,2,1,4,1,9,1,3,852,192,151,317000
20,NA,19900,7,5,287,2207,0,2207,2,0,3,1,7,1,2,576,301,0,180000
20,72,10665,7,5,167,1479,0,1479,2,0,3,1,7,0,2,558,144,29,226000
30,47,4608,4,6,0,747,0,747,1,0,2,1,4,0,1,220,0,0,80000
50,81,15593,7,4,0,1304,983,2287,2,0,3,1,7,1,2,667,0,21,225000
20,95,13651,7,6,1115,2223,0,2223,2,0,3,1,8,2,2,516,300,0,244000
20,69,7599,4,6,0,845,0,845,1,0,2,1,4,0,2,360,0,0,129500
60,74,10141,7,5,40,885,833,1718,2,1,3,1,7,1,2,427,0,94,185000
20,85,10200,5,7,104,1086,0,1086,1,0,3,1,6,0,2,490,0,0,144900
50,60,5790,3,6,0,840,765,1605,2,0,3,2,8,0,1,379,0,0,107400
180,21,1596,4,5,0,526,462,988,1,0,2,1,5,0,1,297,120,101,91000
20,NA,8475,4,7,0,952,0,952,1,0,2,1,4,0,1,283,0,0,135750
50,50,8635,5,5,0,1072,213,1285,1,0,2,1,6,0,1,240,0,0,127000
90,72,10778,4,5,0,1768,0,1768,2,0,4,2,8,0,0,0,0,0,136500
50,60,10440,5,6,0,682,548,1230,1,1,2,1,5,0,2,440,74,0,110000
60,100,13000,6,6,576,1182,960,2142,2,1,4,1,8,1,1,509,0,72,193500
120,32,4500,6,5,443,1337,0,1337,2,0,2,1,5,0,2,405,0,199,153500
20,78,10206,8,5,468,1563,0,1563,2,0,3,1,6,1,3,758,144,99,245000
20,80,8892,5,5,66,1065,0,1065,1,1,3,1,6,0,2,461,74,0,126500
80,NA,8530,7,5,22,804,670,1474,2,1,3,1,7,1,2,400,120,72,168500
60,121,16059,8,5,284,1301,1116,2417,2,1,4,1,9,1,2,462,127,82,260000
60,122,11911,6,5,0,684,876,1560,2,1,3,1,6,1,2,400,100,38,174000
160,40,3951,6,5,76,612,612,1224,2,1,2,1,4,0,2,528,0,234,164500
50,105,8470,3,2,0,1013,0,1526,1,0,2,1,6,0,0,0,0,0,85000
20,60,8070,4,5,0,990,0,990,1,0,3,1,5,0,0,0,0,0,123600
20,60,7200,4,5,0,1040,0,1040,1,0,2,1,4,0,2,420,0,29,109900
20,85,8500,5,3,203,1235,0,1235,1,0,2,1,6,0,2,480,0,0,98600
30,80,13360,5,7,0,964,0,964,1,0,2,1,5,0,2,432,0,0,163500
190,60,7200,6,6,0,1260,1031,2291,2,0,4,2,9,1,2,506,0,0,133900
60,69,9337,6,5,0,905,881,1786,2,1,3,1,7,0,2,684,0,162,204750
60,NA,9765,6,8,68,680,790,1470,2,1,3,1,6,1,2,420,232,63,185000
20,78,10264,7,5,183,1588,0,1588,2,0,3,1,6,0,2,472,158,29,214000
20,73,10921,4,5,48,960,0,960,1,0,3,1,6,0,1,432,120,0,94750
30,85,10625,5,5,0,835,0,835,1,0,2,1,5,0,1,366,0,0,83000
20,77,9320,4,5,0,1225,0,1225,1,1,3,1,6,0,0,0,352,0,128950
20,NA,10603,6,7,28,1610,0,1610,2,0,3,1,6,2,2,480,168,68,205000
60,77,9206,6,5,336,977,755,1732,2,1,3,1,7,1,2,476,192,46,178000
90,64,7018,5,5,0,1535,0,1535,2,0,4,2,8,0,2,410,0,0,118964
20,94,10402,7,5,0,1226,0,1226,2,0,3,1,6,0,3,740,0,36,198900
50,NA,7758,7,4,600,1226,592,1818,1,1,4,1,7,2,1,240,0,0,169500
60,75,9375,8,5,768,1053,939,1992,2,1,3,1,9,1,2,648,140,45,250000
30,60,10800,4,7,0,1047,0,1047,1,0,2,1,6,0,1,273,0,0,100000
20,50,6000,5,5,0,789,0,789,1,0,2,1,5,0,1,250,0,0,115000
50,85,8500,5,7,0,997,520,1517,2,0,3,1,7,0,0,0,0,0,115000
20,105,11751,6,6,480,1844,0,1844,2,0,3,1,7,1,2,546,0,122,190000
50,75,9525,6,4,0,1216,639,1855,2,0,4,1,7,0,1,325,182,0,136900
80,NA,7750,7,5,0,774,656,1430,2,1,3,1,7,1,2,400,180,0,180000
60,77,9965,7,5,220,1282,1414,2696,2,1,4,1,10,1,3,792,120,184,383970
20,NA,21000,6,5,184,2259,0,2259,2,0,3,1,7,2,2,450,166,120,217000
70,61,7259,6,8,0,1436,884,2320,2,1,3,1,9,1,1,180,224,0,259500
160,34,3230,6,5,1129,729,729,1458,2,1,2,1,5,1,2,440,0,32,176000
20,NA,11616,5,5,116,1092,0,1092,1,0,3,1,6,1,1,288,0,20,139000
20,74,8536,5,5,0,1125,0,1125,1,1,2,1,5,0,2,430,80,64,155000
60,90,12376,7,5,0,1699,1523,3222,3,0,5,1,11,2,3,594,367,0,320000
60,65,8461,6,5,0,728,728,1456,2,1,3,1,8,1,2,390,0,24,163990
80,NA,21453,6,5,0,988,0,988,1,0,1,1,4,2,2,540,0,130,180000
50,50,6060,4,5,0,772,351,1123,1,0,3,1,4,0,1,264,0,0,100000
20,75,9464,6,7,135,1080,0,1080,1,0,3,1,5,0,1,288,0,0,136000
120,55,7892,6,5,0,1199,0,1199,2,0,2,1,5,0,2,530,0,63,153900
20,48,17043,6,5,0,1586,0,1586,2,0,3,1,7,1,2,435,192,0,181000
190,60,6780,6,8,0,520,0,754,1,0,2,1,5,0,0,0,53,0,84500
120,NA,4928,6,5,0,958,0,958,2,0,2,1,5,1,2,440,0,205,128000
45,55,4388,5,7,0,840,0,840,1,0,3,1,5,1,0,0,0,0,87000
60,69,7590,6,5,266,660,688,1348,1,1,3,1,6,1,2,453,188,108,155000
20,69,8973,5,7,85,1053,0,1053,1,1,3,1,6,0,2,750,0,80,150000
60,88,14200,7,6,309,1216,941,2157,2,1,4,1,8,2,2,487,105,66,226000
60,NA,12224,6,5,40,1022,1032,2054,2,1,3,1,7,1,2,390,24,48,244000
20,75,7388,5,6,0,1327,0,1327,1,0,3,1,7,0,2,624,0,0,150750
20,NA,6853,8,5,136,1296,0,1296,2,0,2,1,6,0,2,471,192,25,220000
20,78,10335,5,6,0,1721,0,1721,2,1,3,1,7,1,2,440,0,96,180000
20,80,10400,7,6,288,1682,0,1682,2,0,3,1,7,1,2,530,98,0,174000
20,NA,10355,5,5,196,1214,0,1214,2,0,3,1,5,1,1,318,0,111,143000
90,82,11070,7,5,70,1959,0,1959,3,0,5,2,9,0,3,766,0,0,171000
60,73,9066,8,5,320,1004,848,1852,2,1,3,1,7,2,3,660,224,106,230000
60,65,15426,6,5,0,928,836,1764,2,1,3,1,7,0,2,470,276,99,231500
20,70,10500,4,5,0,864,0,864,1,0,3,1,5,1,0,0,0,0,115000
20,78,11645,7,5,0,1734,0,1734,2,0,3,1,7,0,2,660,160,24,260000
50,71,8520,5,4,0,910,475,1385,2,0,4,1,6,0,2,720,0,0,166000
20,78,10335,7,5,183,1501,0,1501,2,0,3,1,6,0,2,577,144,29,204000
90,70,9100,5,5,336,1728,0,1728,2,0,6,2,10,0,2,504,0,0,125000
160,24,2522,6,5,50,970,739,1709,2,0,3,1,7,0,2,380,0,40,130000
30,51,6120,5,7,0,875,0,875,1,0,2,1,5,0,1,180,48,0,105000
60,NA,9505,7,5,180,884,1151,2035,2,1,3,1,8,1,2,434,144,48,222500
20,63,7500,7,5,120,1080,0,1080,1,0,3,1,6,0,0,0,0,0,141000
50,NA,6240,5,4,0,896,448,1344,1,0,3,1,7,0,1,240,200,114,115000
20,120,10356,5,6,0,969,0,969,1,1,3,1,5,0,2,440,0,0,122000
20,107,13891,8,5,436,1710,0,1710,2,0,2,1,6,1,3,866,0,102,372402
60,NA,14803,6,5,252,1097,896,1993,2,1,4,1,8,1,2,495,0,66,190000
20,NA,13500,6,7,0,1252,0,1252,1,0,1,1,4,1,2,564,409,0,235000
30,84,11340,6,5,0,1200,0,1200,1,0,4,1,7,0,1,312,0,0,125000
50,60,9600,6,5,0,572,524,1096,1,0,2,1,5,0,0,0,0,8,79000
20,60,7200,5,7,0,1040,0,1040,1,0,2,1,5,0,2,625,0,0,109500
60,92,12003,8,5,84,774,1194,1968,2,1,4,1,8,1,3,680,0,75,269500
60,100,12552,7,5,0,991,956,1947,2,1,3,1,8,1,2,678,0,136,254900
60,134,19378,7,5,456,1392,1070,2462,2,1,4,1,9,1,2,576,239,132,320000
20,NA,11120,6,6,0,1232,0,1232,2,0,3,1,6,0,2,516,0,0,162500
60,110,13688,9,5,664,1572,1096,2668,2,1,3,1,10,2,3,726,400,0,412500
20,95,12182,7,5,226,1541,0,1541,2,0,3,1,7,1,2,532,0,70,220000
45,55,5500,4,6,0,882,0,882,1,0,1,1,4,0,0,0,0,0,103200
40,40,5400,6,7,0,1149,467,1616,2,0,3,1,5,0,1,216,0,0,152000
190,62,10106,5,7,0,808,547,1355,2,0,4,2,6,0,0,0,140,0,127500
20,NA,10708,5,5,0,1867,0,1867,1,0,2,1,7,3,1,303,476,0,190000
60,86,10562,8,5,300,1610,551,2161,1,1,3,1,8,1,3,789,178,120,325624
60,62,8244,7,5,0,840,880,1720,2,1,3,1,7,1,2,440,100,48,183500
20,NA,16669,8,6,653,1707,0,1707,2,1,2,1,6,1,2,511,574,64,228000
50,NA,12358,5,6,0,854,0,1382,1,1,2,1,7,0,2,660,237,0,128500
20,141,31770,6,5,112,1656,0,1656,1,0,3,1,7,2,2,528,210,62,215000
160,44,5306,7,7,0,1064,703,1767,2,0,2,1,5,1,2,504,441,35,239000
20,80,10197,6,5,491,1362,0,1362,1,1,3,1,6,1,2,504,0,20,163000
20,47,12416,6,5,132,1651,0,1651,2,0,3,1,7,1,2,616,192,0,184000
20,84,12615,6,7,0,2158,0,2158,2,0,4,1,7,1,2,576,0,29,243000
60,97,10029,6,5,268,1164,896,2060,2,1,4,1,8,1,2,521,0,228,211000
50,NA,13650,5,5,0,1252,668,1920,2,0,4,1,8,1,2,451,0,0,172500
20,63,17423,9,5,748,2234,0,2234,2,0,1,1,9,1,3,1166,0,60,501837
30,60,8520,5,6,0,968,0,968,1,0,2,1,5,0,2,480,0,0,100000
160,NA,2117,6,5,456,769,756,1525,2,1,3,1,5,1,2,440,0,0,177000
70,54,7588,7,6,0,901,901,1802,1,1,4,1,9,1,1,216,0,0,200100
20,60,9060,5,6,98,1340,0,1340,1,0,3,1,7,1,1,252,116,0,120000
50,63,11426,7,5,0,1362,720,2082,2,1,3,1,6,0,2,484,280,238,200000
50,92,7438,5,8,0,936,316,1252,1,0,3,1,5,0,2,576,104,0,127000
75,90,22950,10,9,0,1518,1518,3608,2,1,4,1,12,2,3,840,0,260,475000
80,NA,9947,7,5,0,1217,0,1217,2,0,3,1,6,0,2,497,168,27,173000
50,60,10410,5,7,0,808,704,1656,2,1,3,1,8,0,1,180,0,0,135000
90,64,7018,5,5,275,1224,0,1224,0,2,2,2,6,2,2,528,120,0,153337
120,41,4923,8,5,0,1593,0,1593,1,1,0,1,5,1,2,682,0,120,286000
70,70,10570,8,8,0,1549,1178,2727,2,1,3,1,10,2,2,440,0,74,315000
60,NA,7472,7,9,138,725,754,1479,1,1,4,1,7,0,2,484,0,32,184000
20,68,9017,7,5,0,1431,0,1431,2,0,3,1,6,0,2,666,0,35,192000
160,24,2522,7,5,50,970,739,1709,2,0,3,1,7,0,2,380,0,40,130000
20,60,7180,5,7,0,864,0,864,1,0,3,1,5,0,1,352,0,0,127000
160,24,2280,6,6,0,855,601,1456,2,1,3,1,7,1,2,440,87,0,148500
20,79,9416,7,5,205,1726,0,1726,2,0,3,1,8,1,3,786,171,138,311872
75,174,25419,8,4,0,1360,1360,3112,2,0,4,1,8,1,2,795,0,16,235000
75,92,5520,6,6,0,929,929,2229,1,0,5,1,8,0,0,0,0,198,104000
20,76,9591,8,5,262,1713,0,1713,2,0,3,1,7,1,3,856,0,26,274900
20,80,8546,4,5,0,1121,0,1121,2,0,2,1,5,0,2,440,132,64,140000
20,75,10125,6,6,0,1279,0,1279,2,0,3,1,6,2,2,473,238,83,171500
50,50,7000,6,6,0,865,445,1310,2,0,2,1,6,0,1,398,0,0,112000
120,NA,4438,6,5,205,848,0,848,1,0,1,1,3,1,2,420,149,0,149000
50,50,3500,5,7,0,720,564,1284,1,1,2,1,5,0,1,240,0,35,110000
20,99,11851,7,5,0,1442,0,1442,2,0,3,1,5,0,2,500,0,34,180500
20,40,13673,5,5,0,1696,0,1696,1,1,3,1,8,1,1,349,0,30,143900
20,NA,12493,4,5,0,1100,0,1100,1,0,3,1,6,1,1,312,355,0,141000
60,NA,14364,7,5,128,1180,882,2062,2,1,3,1,7,1,2,454,60,55,277000
20,75,8250,6,7,260,1092,0,1092,1,0,3,1,6,0,2,504,0,0,145000
30,67,5604,5,6,0,864,0,864,1,0,2,1,5,0,0,0,0,0,98000
20,83,10420,6,5,0,1212,0,1212,2,0,3,1,6,0,2,460,100,22,186000
60,72,8640,7,5,0,932,920,1852,2,1,3,1,7,1,2,644,168,108,252678
20,43,13568,5,5,0,990,0,990,1,0,3,1,5,0,2,576,224,0,156000
60,NA,10900,6,7,153,689,703,1392,1,1,3,1,6,0,1,299,0,36,161750
20,72,10011,5,6,64,1236,0,1236,1,0,2,1,6,1,1,447,0,0,134450
20,65,8450,7,5,266,1436,0,1436,2,0,3,1,8,0,2,484,139,98,210000
70,57,9906,4,4,0,810,518,1328,1,0,3,1,8,0,1,210,0,172,107000
50,NA,15660,7,9,312,1137,817,1954,1,1,3,1,8,2,2,431,0,119,311500
120,43,3010,7,5,16,1248,0,1248,2,0,2,1,5,0,2,438,108,0,167240
20,73,8990,7,5,0,1498,0,1498,2,0,2,1,5,0,2,675,351,33,204900
60,NA,8068,6,5,0,1010,1257,2267,2,1,4,1,8,1,2,390,120,46,200000
60,85,11475,6,6,0,811,741,1552,2,1,3,1,6,1,2,434,209,208,179900
20,70,10500,4,6,0,864,0,864,1,0,2,1,4,0,2,576,216,0,97000
20,103,13472,10,5,922,2392,0,2392,2,0,3,1,8,1,3,968,248,105,386250
160,21,1680,5,5,142,630,672,1302,2,1,3,1,6,0,1,280,0,0,112000
60,82,9950,7,5,290,1214,1306,2520,2,1,4,1,9,1,3,721,224,114,290000
160,21,1869,6,6,127,483,504,987,1,1,2,1,5,0,1,280,0,0,106000
20,70,8521,5,5,0,912,0,912,1,0,3,1,5,1,1,336,0,0,125000
120,43,3182,7,5,16,1555,0,1555,2,0,2,1,7,1,2,430,143,20,192500
20,73,8760,6,6,220,1194,0,1194,1,0,3,1,6,0,1,312,0,0,148000
60,174,15138,8,5,506,1490,1304,2794,2,1,4,1,9,1,3,810,0,146,403000
160,21,1680,6,5,297,483,504,987,1,1,2,1,5,1,1,288,0,0,94500
20,75,10650,5,6,0,894,0,894,1,0,3,1,5,0,1,308,365,0,128200
60,NA,7851,6,5,NA,860,1100,1960,2,1,4,1,8,2,2,440,288,48,216500
160,21,1680,6,3,604,483,504,987,1,1,2,1,5,0,1,264,0,0,89500
20,65,8773,7,5,98,1414,0,1414,2,0,3,1,6,0,2,494,132,105,185500
60,NA,9453,7,7,0,1014,730,1744,2,1,3,1,7,0,2,457,370,70,194500
20,93,12030,8,5,254,1694,0,1694,2,0,3,1,7,0,3,818,168,228,318000
50,52,8741,6,4,0,798,689,1487,1,1,3,1,7,1,1,220,0,140,113000
20,75,9000,8,5,36,1566,0,1566,2,0,3,1,7,0,2,750,144,168,262500
30,40,3880,5,9,0,866,0,866,1,0,2,1,4,0,0,0,58,42,110500
50,63,5000,5,4,0,889,551,1440,1,0,3,1,6,0,1,352,0,0,79000
160,75,10762,6,6,0,626,591,1217,1,1,3,1,6,1,1,288,0,28,120000
60,NA,8880,7,5,0,1222,888,2110,2,1,3,1,8,2,2,463,0,130,205000
20,80,10400,7,5,102,1872,0,1872,2,0,3,1,6,1,2,604,197,39,241500
190,69,9142,6,8,0,908,1020,1928,2,0,4,2,9,0,1,440,0,60,137000
20,75,11310,6,5,0,1375,0,1375,1,0,2,1,5,1,2,451,0,30,140000
60,72,11317,7,5,101,840,828,1668,2,1,3,1,8,0,2,500,144,68,180000
50,NA,159000,6,7,472,1444,700,2144,2,0,4,1,7,2,2,389,0,98,277000
30,55,5350,3,2,0,1306,0,1306,1,0,3,1,6,0,0,0,263,0,76500
120,44,4750,8,5,481,1625,0,1625,2,0,2,1,5,1,2,538,123,0,235000
60,65,8366,6,5,0,798,842,1640,2,1,3,1,6,0,2,520,138,45,173000
80,85,9350,6,7,108,1302,0,1302,2,0,3,1,7,0,1,309,333,0,158000
20,70,8400,5,6,0,1314,0,1314,1,0,3,1,5,0,1,294,250,0,145000
60,66,8738,7,5,302,1005,1286,2291,2,1,4,1,8,1,2,429,192,0,230000
60,64,8791,6,5,0,864,864,1728,2,1,3,1,7,0,2,673,216,56,207500
20,68,8814,7,5,180,1604,0,1604,2,1,3,1,8,1,2,660,123,110,220000
60,80,12435,7,5,172,963,829,1792,2,1,3,1,7,1,2,564,0,96,231500
20,70,12702,5,5,0,882,0,882,1,0,2,1,4,0,1,308,0,45,97000
80,120,19296,6,5,399,1382,0,1382,1,0,3,1,6,1,2,884,0,0,176000
60,69,9588,8,5,270,1482,1092,2574,2,1,3,1,10,1,3,868,0,148,276000
80,88,8471,6,7,46,1212,0,1212,1,0,3,1,6,1,2,492,292,12,151000
50,50,5500,5,7,0,926,0,1316,1,0,3,1,6,0,2,484,0,0,130000
30,30,5232,5,5,0,764,0,764,1,0,2,1,4,0,2,504,0,0,73000
20,78,12090,6,6,210,1422,0,1422,2,0,3,1,7,1,2,576,276,0,175500
60,70,11207,6,5,0,802,709,1511,2,1,3,1,8,1,2,413,95,75,185000
75,60,8400,5,8,0,1052,720,2192,2,1,4,1,8,1,1,240,262,24,179500
30,71,6900,5,6,0,778,0,778,1,0,2,1,4,1,1,924,0,25,120500
20,NA,7917,6,7,174,1113,0,1113,1,1,3,1,6,1,1,504,370,30,148000
60,84,10728,8,5,0,1095,844,1939,2,1,3,1,8,1,3,1053,192,51,266000
20,73,39104,7,7,0,1363,0,1363,1,0,2,1,5,2,2,439,81,0,241500
60,92,11764,8,7,348,1164,1106,2270,2,1,4,1,9,1,3,671,132,57,290000
20,80,9600,6,6,183,1632,0,1632,2,0,3,1,6,1,1,338,289,0,139000
20,76,8314,5,7,0,816,0,816,1,0,2,1,5,0,1,264,168,0,124500
50,55,7264,7,7,0,952,596,1548,2,1,3,1,5,0,2,672,74,0,205000
20,129,9196,7,5,0,1560,0,1560,2,0,3,1,7,0,2,573,100,150,201000
20,140,19138,4,5,0,864,0,864,1,0,2,1,4,0,2,400,0,0,141000
20,107,14450,9,5,315,2121,0,2121,2,1,3,1,8,1,3,732,124,98,415298
60,83,10005,7,5,299,1156,866,2022,2,1,4,1,8,1,2,505,288,117,192000
60,82,11287,7,6,340,1175,807,1982,2,1,3,1,7,1,2,575,0,84,228500
20,60,7200,6,5,68,1262,0,1262,2,0,2,1,5,0,2,572,0,120,185000
120,34,5063,7,5,166,1314,0,1314,2,0,2,1,6,1,2,626,172,62,207500
20,74,9612,8,5,72,1468,0,1468,2,0,3,1,6,1,3,898,210,150,244600
120,50,8012,6,5,0,1575,0,1575,2,0,2,1,5,0,2,529,0,0,179200
160,35,4251,7,5,0,625,625,1250,2,1,2,1,5,0,2,528,0,54,164700
50,77,9786,6,7,0,1085,649,1734,1,1,3,1,7,1,2,440,0,0,159000
20,NA,8125,4,4,0,858,0,858,1,0,3,1,5,0,0,0,0,0,88000
20,NA,9819,5,5,31,900,0,900,1,0,3,1,5,0,1,280,0,0,122000
70,60,8730,6,7,0,698,698,1396,1,0,3,1,7,0,1,384,0,0,153575
60,120,15611,8,5,0,1079,840,1919,2,1,3,1,8,1,2,685,0,51,233230
190,55,5687,5,6,0,936,780,1716,2,0,6,1,9,0,0,0,0,184,135900
50,60,11409,5,4,0,1148,568,1716,1,1,3,1,8,1,1,281,0,0,131000
60,NA,16659,7,7,34,1468,795,2263,2,1,3,1,9,1,2,539,0,250,235000
20,80,9600,6,5,238,1644,0,1644,1,0,3,1,7,2,2,418,110,0,167000
80,37,7937,6,6,0,1003,0,1003,1,0,3,1,6,0,2,588,120,0,142500
50,75,13710,5,5,0,910,648,1558,1,1,4,1,6,0,1,282,289,0,152000
60,66,7399,7,5,1600,975,975,1950,2,1,3,1,7,1,2,576,0,10,239000
60,90,11700,6,6,365,1041,702,1743,1,2,3,1,7,1,2,539,224,0,175000
20,80,14000,6,8,0,1152,0,1152,1,0,3,1,6,1,1,300,0,36,158500
190,90,15750,5,5,56,1336,0,1336,1,0,2,1,5,2,1,375,0,0,157000
60,66,16226,8,5,0,1210,1242,2452,2,1,4,1,9,1,2,683,208,50,267000
20,118,13704,7,5,150,1541,0,1541,2,0,3,1,6,1,3,843,468,81,205000
20,70,9800,5,7,0,894,0,894,1,0,3,1,5,0,2,552,256,0,149900
75,87,18386,7,9,0,1675,1818,3493,3,0,3,1,10,1,3,870,302,0,295000
20,80,10386,8,5,246,2000,0,2000,2,0,3,1,8,0,3,888,168,0,305900
60,116,13474,7,5,246,1122,1121,2243,2,1,4,1,8,1,3,746,127,44,225000
50,NA,7920,6,7,0,1035,371,1406,1,0,3,1,6,0,0,0,0,144,89500
30,NA,12342,4,5,0,861,0,861,1,0,1,1,4,0,2,539,158,0,82500
20,90,12378,9,5,0,1944,0,1944,2,0,3,1,8,3,3,708,208,175,360000
60,NA,7685,6,5,112,697,804,1501,2,1,3,1,6,1,2,420,190,63,165600
20,50,8000,6,6,0,972,0,972,1,0,2,1,5,1,1,240,0,0,132000
190,65,7800,5,7,0,793,325,1118,1,0,3,1,5,1,2,410,0,0,119900
20,150,215245,7,5,0,2036,0,2036,2,0,3,1,8,2,2,513,0,0,375000
70,60,9600,7,7,0,832,809,1641,1,1,3,1,6,1,2,546,0,0,178000
60,71,7795,7,5,0,716,716,1432,2,1,3,1,6,1,2,432,100,51,188500
60,94,13005,7,7,278,1153,1200,2353,2,1,4,1,10,1,2,484,288,195,260000
60,75,9000,8,5,0,1088,871,1959,2,1,3,1,8,1,3,1025,208,46,270000
60,90,9900,7,5,256,1372,1274,2646,2,1,4,1,9,1,3,656,340,60,260000
80,NA,14115,7,5,225,1472,0,1472,2,0,3,1,6,2,2,588,233,48,187500
60,111,16259,9,5,370,1249,1347,2596,3,1,4,1,9,0,3,840,240,154,342643
60,99,12099,8,5,388,1136,1332,2468,2,1,4,1,10,1,3,872,184,154,354000
60,86,10380,7,5,172,1553,1177,2730,2,1,4,1,8,1,2,576,201,96,301000
20,49,5820,3,8,0,1163,0,1163,1,0,3,1,6,0,1,220,142,98,126175
80,96,11275,7,7,300,1898,1080,2978,2,1,5,1,11,1,2,564,240,0,242000
45,50,5000,5,6,0,803,0,803,1,0,2,1,5,0,2,360,0,0,87000
120,32,10846,8,5,0,1719,0,1719,1,1,1,1,6,2,2,473,122,30,324000
20,80,11600,6,5,175,1383,0,1383,1,1,3,1,7,0,1,292,0,45,145250
75,NA,11888,6,6,0,1445,689,2134,2,0,5,1,10,0,2,441,0,60,214500
70,60,6402,5,5,0,596,596,1192,1,0,3,1,6,0,1,189,0,0,78000
90,NA,10624,5,4,84,1728,0,1728,2,0,6,2,10,0,1,352,155,0,119000
20,70,8176,5,6,0,1056,0,1056,1,0,3,1,6,0,1,308,0,0,139000
20,85,10655,8,5,296,1629,0,1629,2,0,3,1,7,1,3,880,0,0,284000
120,59,8198,7,5,146,1358,0,1358,2,0,2,1,6,1,2,484,192,30,207000
60,59,9042,6,5,0,943,695,1638,2,1,3,1,7,2,2,472,100,38,192000
190,NA,164660,5,6,0,1619,167,1786,2,0,3,1,7,2,2,529,670,0,228950
20,86,14157,9,5,200,1922,0,1922,2,0,3,1,8,1,3,676,178,51,377426
20,70,9135,7,5,113,1536,0,1536,2,0,3,1,7,0,2,532,192,74,214000
20,91,14145,7,7,0,1621,0,1621,2,0,3,1,8,0,2,440,108,45,202500
20,66,12400,6,7,176,1215,0,1215,1,0,3,1,6,0,1,297,0,0,155000
60,85,14191,8,5,0,993,915,1908,2,1,4,1,9,0,2,431,135,0,202900
20,60,8400,4,4,0,841,0,841,1,0,2,1,4,0,1,294,250,0,82000
90,NA,8544,3,4,340,1040,0,1040,2,0,2,2,6,0,2,400,0,0,87500
120,63,8849,9,5,616,1684,0,1684,2,0,2,1,6,1,2,564,495,72,266000
160,36,2592,5,3,0,536,576,1112,1,1,3,1,4,0,1,336,182,0,85000
50,65,6435,6,5,0,972,605,1577,1,0,3,1,6,1,1,312,0,0,140200
20,NA,12772,6,8,0,958,0,958,1,0,2,1,5,0,1,301,0,0,151500
20,NA,17600,6,5,30,1478,0,1478,2,0,3,1,6,2,2,498,0,40,157500
160,36,2448,7,5,106,764,862,1626,2,1,2,1,6,0,2,474,0,27,154000
60,56,20431,9,5,870,1848,880,2728,2,1,4,1,10,2,3,706,0,0,437154
120,68,7820,9,5,362,1869,0,1869,2,0,2,1,6,1,2,617,210,54,318061
120,NA,5271,7,5,0,1453,0,1453,1,1,2,1,6,1,2,445,0,80,190000
50,60,9084,5,6,0,616,495,1111,1,0,3,1,5,0,1,200,48,0,95000
30,60,8520,6,8,0,720,0,720,1,0,2,1,5,0,2,484,106,0,105900
50,60,8400,6,5,0,1192,403,1595,1,0,2,1,6,2,1,240,0,0,140000
20,105,11249,6,5,0,1200,0,1200,2,0,3,1,6,0,2,521,0,26,177500
20,NA,9248,6,6,106,1167,0,1167,2,0,3,1,6,0,2,400,120,26,173000
120,44,4224,5,5,0,1142,0,1142,1,1,3,1,6,1,2,528,536,90,134000
80,92,6930,5,4,120,1352,0,1352,1,0,3,1,6,0,1,288,168,0,130000
60,78,12011,8,5,530,1086,838,1924,2,1,3,1,7,1,2,592,208,75,280000
85,NA,7540,6,6,0,912,0,912,1,0,2,1,5,1,2,470,0,0,156000
50,NA,9144,5,5,0,988,517,1505,1,0,3,1,8,0,1,240,0,0,145000
85,64,7301,7,5,500,495,1427,1922,3,0,4,1,7,1,2,672,0,0,198500
160,21,1680,6,8,510,483,504,987,1,1,2,1,5,0,1,264,250,0,118000
60,NA,18800,6,5,120,790,784,1574,2,1,3,1,6,1,2,566,306,111,190000
70,59,10690,5,7,0,672,672,1344,1,0,3,1,6,0,1,468,0,128,147000
20,NA,9500,6,5,247,1394,0,1394,1,1,3,1,6,2,2,514,0,76,159000
80,101,9150,6,5,305,1431,0,1431,1,0,3,1,6,1,1,296,64,110,165000
20,78,7800,5,6,200,1268,0,1268,1,0,2,1,7,1,1,244,0,98,132000
20,NA,9830,5,7,0,1287,0,1287,1,0,3,1,7,1,2,576,364,17,162000
60,NA,8121,6,5,0,953,711,1664,2,1,3,1,7,1,2,460,100,40,172400
50,80,17120,4,4,0,1120,468,1588,2,0,4,1,7,1,2,680,0,59,134432
120,50,7175,6,5,0,752,0,752,1,0,2,1,4,0,1,264,353,0,125000
20,79,10634,5,6,0,1319,0,1319,1,0,3,1,5,0,1,270,66,0,123000
60,65,8200,7,5,0,847,1081,1928,2,1,4,1,8,1,2,434,100,48,219500
30,NA,10020,1,1,0,904,0,904,0,1,1,1,4,0,0,0,0,0,61000
85,57,8846,5,5,0,914,0,914,1,0,2,1,5,0,2,576,0,0,148000
60,102,11143,8,5,0,1580,886,2466,3,0,4,1,8,1,2,610,159,214,340000
20,88,11394,9,2,350,1856,0,1856,1,1,1,1,8,1,3,834,113,0,394432
60,60,8123,6,5,16,1007,793,1800,2,1,3,1,7,1,2,463,100,63,179000
50,50,5000,5,6,0,1026,665,1691,2,0,3,1,6,1,1,308,0,0,127000
20,60,7200,7,5,0,1301,0,1301,2,0,2,1,5,1,2,572,216,121,187750
60,79,9245,7,5,0,939,858,1797,2,1,3,1,8,0,2,639,144,53,213500
45,60,9000,6,3,0,784,0,784,1,0,2,1,5,0,2,360,0,0,76000
60,NA,53107,6,5,0,1079,874,1953,2,1,3,1,9,2,2,501,216,231,240000
120,43,3182,8,5,16,1269,0,1269,2,0,2,1,6,1,2,430,146,20,192000
50,58,8410,5,3,0,658,526,1184,1,0,5,1,8,0,0,0,0,151,81000
80,72,7200,6,6,255,1125,0,1125,1,0,3,1,6,1,1,352,296,0,125000
20,93,9382,7,5,125,1479,0,1479,2,0,3,1,6,0,2,577,120,25,191000
60,96,12474,10,5,272,1742,590,2332,2,1,3,1,9,1,3,846,196,134,426000
50,50,8405,5,8,0,961,406,1367,1,0,4,1,7,0,1,384,0,130,119000
60,71,12209,6,5,0,804,1157,1961,2,1,3,1,7,1,2,560,125,192,215000
20,NA,8339,5,7,0,882,0,882,1,0,3,1,5,0,1,294,0,0,106500
30,NA,7446,4,5,0,788,0,788,1,0,2,1,4,2,0,0,0,0,100000
50,60,10134,5,6,0,735,299,1034,1,0,2,1,5,0,1,240,0,39,109000
20,68,9571,5,6,0,1144,0,1144,1,0,3,1,6,0,1,596,44,0,129000
20,60,7200,5,5,0,894,0,894,1,0,2,1,6,0,2,600,215,0,123000
60,69,7590,5,5,288,876,936,1812,2,0,4,1,8,1,1,264,0,168,169500
30,60,8967,5,2,0,1077,0,1077,1,0,2,1,6,0,1,338,0,0,67000
60,65,8125,7,5,100,1112,438,1550,2,0,2,1,7,0,2,438,0,168,241000
120,38,14963,8,5,0,1288,0,1288,1,1,1,1,4,2,2,500,120,30,245500
20,65,8767,7,5,0,1310,0,1310,2,0,3,1,6,1,2,400,0,0,164990
30,60,10200,5,8,0,672,0,672,1,0,2,1,4,0,1,240,168,0,108000
60,93,12090,8,5,650,1165,1098,2263,2,1,4,1,10,1,2,420,144,123,258000
60,NA,10364,6,5,0,806,766,1572,2,1,3,1,7,1,2,373,0,40,168000
20,NA,9991,4,4,0,1620,0,1620,2,0,3,1,8,1,2,490,120,78,150000
50,51,10480,6,5,0,1166,0,1639,1,0,3,1,6,0,1,240,0,0,115000
70,63,15576,6,7,0,840,840,1680,2,0,4,1,8,0,1,308,0,0,177000
60,109,14154,7,5,350,1071,1101,2172,2,1,3,1,9,1,3,947,192,62,280000
60,85,10800,8,5,100,1050,1028,2078,2,1,3,1,8,1,3,836,0,102,339750
20,68,9571,5,3,0,1276,0,1276,1,0,3,1,5,0,1,350,0,0,60000
190,100,34650,5,5,0,1056,0,1056,1,0,3,1,5,0,2,572,264,0,145000
20,NA,4403,7,5,432,1478,0,1478,2,1,2,1,7,1,2,484,0,144,222000
30,56,8960,5,6,0,1028,0,1028,1,0,2,1,5,1,2,360,0,0,115000
60,59,11228,7,5,0,1080,1017,2097,2,1,3,1,9,1,3,678,196,187,228000
20,73,8899,7,5,0,1340,0,1340,2,0,3,1,6,0,2,396,100,30,181134
60,74,7844,6,7,203,672,728,1400,1,1,3,1,6,1,2,440,0,0,149500
70,86,22420,6,6,0,1370,1254,2624,2,1,4,1,10,1,3,864,0,0,239000
50,60,8160,5,6,0,756,378,1134,1,1,3,1,7,0,1,240,0,0,126000
20,65,8450,5,6,0,1056,0,1056,1,0,3,1,6,1,1,304,0,85,142000
90,78,7060,7,5,200,1344,0,1344,2,0,2,2,8,0,4,784,0,0,206300
20,NA,16635,6,7,126,1602,0,1602,2,0,3,1,8,1,2,529,240,0,215000
20,100,21750,5,5,0,988,0,988,1,0,2,1,4,0,2,520,0,0,113000
60,80,9200,8,5,473,1470,1160,2630,2,1,4,1,8,1,3,696,0,66,315000
20,72,9000,6,5,74,1196,0,1196,1,0,2,1,6,1,1,297,0,44,139000
60,60,3378,7,8,0,707,682,1389,1,1,3,1,6,2,1,240,0,0,135000
80,NA,12800,7,5,145,1644,0,1644,2,0,2,1,5,1,2,569,80,0,275000
20,77,8593,4,6,0,907,0,907,1,0,3,1,5,0,1,352,0,0,109008
20,64,6762,7,5,108,1208,0,1208,2,0,2,1,6,0,2,628,105,54,195400
20,130,11457,6,5,0,1412,0,1412,2,0,3,1,6,1,2,576,0,0,175000
160,21,1680,6,5,232,483,504,987,1,1,2,1,4,0,1,264,0,0,85400
50,60,5586,6,7,0,1088,110,1198,1,0,4,1,7,0,0,0,0,98,79900
160,24,1920,5,5,376,765,600,1365,1,1,2,1,6,0,2,440,240,36,122500
60,100,10839,6,5,0,926,678,1604,2,1,3,1,7,1,2,470,0,36,181000
180,21,1890,4,7,0,630,0,630,1,0,1,1,3,0,0,0,88,0,81000
60,43,10667,7,6,0,827,834,1661,2,1,3,1,6,1,2,550,158,61,212000
50,40,4400,6,8,0,734,384,1118,1,0,2,1,6,0,2,440,0,0,116000
45,50,6000,6,7,0,904,0,904,1,0,2,1,4,0,1,180,0,0,119000
30,40,4280,5,6,0,694,0,694,1,0,2,1,4,1,1,352,0,0,90350
50,67,12354,6,8,0,684,512,1196,1,0,3,1,7,0,2,528,0,46,110000
20,105,15431,10,5,200,2402,0,2402,2,0,2,1,10,2,3,672,0,72,555000
90,92,12108,4,4,270,1440,0,1440,2,0,4,2,8,0,0,0,0,0,118000
50,52,6240,5,7,0,1128,445,1573,2,0,3,1,8,1,2,360,0,0,162900
120,53,3922,7,5,72,1258,0,1258,2,0,2,1,6,1,3,648,144,16,172500
60,70,8750,7,5,0,933,975,1908,2,1,4,1,8,1,2,493,144,133,210000
20,73,9855,6,5,0,1689,0,1689,1,0,3,1,7,1,2,480,0,0,127500
20,137,16492,6,6,0,1888,0,1888,2,1,2,1,6,1,2,578,0,0,190000
60,NA,11214,7,5,0,956,930,1886,2,1,4,1,10,1,2,431,89,0,199900
50,50,8600,6,6,0,780,596,1376,2,0,3,1,7,1,1,198,0,0,119500
50,50,6000,3,7,0,679,504,1183,1,1,2,1,6,0,1,308,0,176,120000
30,70,5684,6,8,0,813,0,813,1,0,2,1,5,0,1,270,0,113,110000
20,62,70761,7,5,0,1533,0,1533,2,0,2,1,5,2,2,576,200,54,280000
60,NA,9303,6,5,42,888,868,1756,2,1,3,1,7,0,2,422,144,122,204000
60,75,9000,8,5,0,786,804,1590,2,1,3,1,6,0,2,676,0,30,210000
90,63,9297,5,5,0,1728,0,1728,2,0,4,2,8,0,2,560,0,0,188000
20,80,9600,7,6,320,1242,0,1242,1,1,3,1,6,1,2,528,0,0,175500
70,34,4571,5,5,0,624,720,1344,1,0,4,1,7,0,3,513,0,0,98000
20,NA,53227,4,6,0,1663,0,1663,1,0,2,1,6,2,2,529,224,137,256000
70,NA,5100,8,7,0,833,833,1666,1,0,3,1,7,1,1,228,192,63,161000
50,NA,7015,5,4,161,979,224,1203,1,0,3,1,5,1,1,352,0,0,110000
60,75,8004,8,5,110,832,1103,1935,2,1,3,1,8,0,2,552,0,150,263435
70,60,7200,7,9,0,575,560,1135,1,0,3,1,6,0,2,576,256,0,155000
20,60,8281,5,5,0,864,0,864,1,0,3,1,5,1,1,360,0,0,62383
70,74,11988,6,7,0,849,811,1660,1,1,3,1,6,1,1,240,0,0,188700
20,60,8430,5,5,136,1040,0,1040,2,0,3,1,5,0,0,0,0,0,124000
120,NA,3072,7,5,18,1414,0,1414,2,0,2,1,6,1,2,398,144,20,178740
20,85,10628,7,5,0,1277,0,1277,1,0,2,1,5,1,2,526,0,0,167000
70,79,9480,5,7,224,888,756,1644,1,1,3,1,7,2,1,312,168,0,146500
20,98,11428,8,5,248,1634,0,1634,2,0,3,1,7,1,3,866,0,44,250000
60,76,9291,6,5,120,832,878,1710,2,1,3,1,7,0,2,506,144,70,187000
120,NA,6820,8,5,0,1502,0,1502,1,1,1,1,4,0,2,528,0,54,212000
60,92,11952,7,6,0,1161,808,1969,2,1,3,1,8,1,2,534,0,0,190000
180,35,3675,6,5,80,1072,0,1072,1,0,2,1,5,0,2,525,0,28,148000
20,110,14977,8,5,304,1976,0,1976,2,0,2,1,7,1,3,908,250,63,440000
120,41,5330,8,5,0,1652,0,1652,2,0,2,1,6,0,2,499,96,48,251000
20,80,8480,5,6,0,970,0,970,1,0,2,1,5,0,2,624,0,24,132500
20,75,13125,6,5,215,1493,0,1493,2,0,3,1,7,1,2,508,140,39,208900
60,105,13693,9,5,772,2069,574,2643,2,1,3,1,9,1,3,694,414,84,380000
20,79,10637,8,5,336,1718,0,1718,2,0,3,1,7,1,3,826,208,44,297000
30,50,5925,4,7,435,1131,0,1131,1,0,2,1,7,0,2,672,0,72,89471
20,98,16033,9,5,378,1850,0,1850,2,0,3,1,8,1,3,772,519,112,326000
20,72,11846,9,5,562,1792,0,1792,2,0,2,1,6,1,3,874,206,49,374000
70,50,2500,7,8,0,916,910,1826,1,1,4,1,7,1,1,164,0,0,155000
120,32,4500,6,5,116,1216,0,1216,2,0,2,1,5,0,2,402,0,125,164000
20,NA,7758,5,7,0,999,0,999,1,0,3,1,6,0,1,264,0,132,132500
20,80,9600,5,7,0,1113,0,1113,1,0,3,1,5,1,1,264,0,80,147000
20,79,10289,5,7,168,1073,0,1073,1,1,3,1,6,0,2,515,0,0,156000
20,70,12243,5,6,0,1484,0,1484,2,0,3,1,7,1,2,487,224,0,175000
190,60,10800,5,4,0,1766,648,2414,2,0,3,2,10,1,2,520,142,0,160000
180,21,1526,4,8,0,630,0,630,1,0,1,1,3,0,1,286,0,0,86000
160,NA,2665,5,6,0,616,688,1304,1,1,3,1,4,1,1,336,141,24,115000
50,79,9490,6,7,0,958,620,1578,1,0,3,1,5,2,1,240,0,0,133000
60,105,15578,6,5,0,728,728,1456,2,1,3,1,8,0,2,429,0,0,172785
20,70,7931,5,6,0,1269,0,1269,1,1,3,1,6,1,1,308,0,0,155000
30,50,5784,5,8,0,886,0,886,1,0,2,1,4,0,1,273,144,20,91300
30,60,7879,4,5,0,720,0,720,1,0,2,1,4,0,0,0,0,523,34900
20,NA,12692,8,5,0,3228,0,3228,3,0,4,1,10,1,2,546,264,75,430000
50,60,9120,7,6,0,1133,687,1820,2,0,4,1,8,0,1,240,0,100,184000
20,65,7800,5,7,89,899,0,899,1,0,3,1,5,0,1,288,64,0,130000
20,70,7535,5,7,0,912,0,912,1,0,2,1,5,0,1,297,12,285,120000
160,21,1890,6,5,285,672,546,1218,1,1,3,1,7,0,1,264,144,28,113000
60,75,9803,7,5,0,866,902,1768,2,1,3,1,7,0,2,603,0,108,226700
20,70,9170,5,7,0,1214,0,1214,1,0,2,1,6,0,2,461,0,0,140000
20,100,15602,7,8,0,1801,0,1801,2,0,1,1,6,2,2,484,0,54,289000
160,24,2308,6,5,0,855,467,1322,2,1,3,1,6,1,2,440,260,0,147000
90,60,7596,5,5,360,960,1000,1960,2,0,4,2,10,0,2,400,0,0,124500
60,80,9554,8,5,125,1065,846,1911,2,1,3,1,8,1,2,471,182,81,215000
20,75,7862,6,5,0,1218,0,1218,2,0,2,1,4,0,2,676,0,102,208300
70,60,9600,7,9,0,689,689,1378,2,0,3,1,7,1,2,360,0,0,161000
20,80,9600,5,6,132,1041,0,1041,1,0,3,1,6,0,1,270,224,88,124500
20,75,14559,5,7,70,1363,0,1363,1,0,2,1,6,2,1,288,324,42,164900
120,40,6792,7,5,94,1368,0,1368,2,0,2,1,6,1,2,474,132,35,202665
20,70,9100,5,5,0,864,0,864,1,0,3,1,5,0,2,624,0,0,129900
20,71,9187,6,5,0,1080,0,1080,1,1,3,1,5,0,2,484,120,0,134000
45,55,10594,5,5,0,789,0,789,1,0,2,1,5,0,1,200,0,0,96500
20,94,12220,10,5,305,2020,0,2020,2,1,3,1,9,1,3,900,156,54,402861
80,NA,10448,6,6,333,1378,741,2119,2,1,3,1,7,1,2,583,0,104,158000
60,79,10208,7,5,921,1277,1067,2344,2,1,3,1,7,1,3,889,220,0,265000
60,NA,9531,6,5,0,882,914,1796,2,1,3,1,7,0,2,546,0,36,211000
70,53,10918,7,9,0,1276,804,2080,1,1,3,1,9,2,1,282,0,0,234000
190,60,10800,4,7,0,694,600,1294,2,0,3,2,7,0,0,0,220,114,106250
20,90,11988,6,6,0,1244,0,1244,1,1,3,1,6,2,1,336,0,40,150000
50,50,5000,6,7,0,1004,660,1664,2,0,3,1,7,2,2,420,0,24,159000
60,130,40094,10,5,762,3138,1538,4676,3,1,3,1,11,1,3,884,208,406,184750
60,95,11787,7,5,594,1383,1015,2398,2,1,3,1,8,1,3,834,239,60,315750
20,62,7500,7,5,0,1266,0,1266,2,0,3,1,6,1,2,453,38,144,176000
20,70,13300,5,7,0,928,0,928,1,0,2,1,4,0,1,252,261,0,132000
60,67,14948,9,5,268,1476,1237,2713,2,1,3,1,11,1,3,858,126,66,446261
30,58,9098,4,7,0,605,0,605,1,0,2,1,5,0,0,0,0,0,86000
20,NA,32668,6,3,NA,2515,0,2515,3,0,4,2,9,2,2,484,0,0,200624
80,85,10200,6,5,219,1509,0,1509,2,0,3,1,5,1,2,600,224,0,175000
70,60,6155,6,8,0,751,611,1362,2,0,3,1,6,0,2,502,0,0,128000
20,60,7200,5,7,0,827,0,827,1,0,2,1,5,1,1,392,0,0,107500
20,50,5000,1,3,0,334,0,334,1,0,1,1,2,0,0,0,0,0,39300
60,74,9056,8,5,0,707,707,1414,2,1,3,1,6,1,2,403,100,35,178000
190,70,7000,5,7,0,820,527,1347,1,0,3,1,5,0,0,0,85,0,107500
60,57,8924,7,5,0,880,844,1724,2,1,3,1,8,0,2,527,120,155,188000
20,NA,12735,4,5,0,864,0,864,1,0,3,1,5,0,2,576,216,0,111250
20,NA,11553,5,5,188,1159,0,1159,1,1,3,1,7,1,1,336,466,0,158000
20,NA,11423,8,5,479,1601,0,1601,2,0,3,1,6,1,2,670,180,0,272000
20,85,14601,9,5,584,1838,0,1838,2,0,2,1,8,1,3,765,270,68,315000
60,NA,11000,8,5,72,997,1288,2285,2,1,4,1,8,1,3,648,0,56,248000
20,78,10140,7,5,0,1680,0,1680,2,0,3,1,7,1,2,583,78,73,213250
120,34,4058,7,5,182,767,0,767,1,0,1,1,4,0,1,367,120,40,133000
60,58,17104,7,5,0,664,832,1496,2,1,3,1,7,1,2,426,100,24,179665
50,NA,13837,7,5,178,1377,806,2183,2,1,4,1,9,0,3,786,0,0,229000
50,70,8737,6,7,0,915,720,1635,1,1,3,1,6,1,2,440,0,38,210000
85,54,7244,5,7,0,768,0,768,1,0,2,1,5,0,2,624,104,0,129500
20,49,8235,5,7,0,825,0,825,1,0,2,1,4,0,2,720,140,50,125000
60,75,9375,7,5,0,912,1182,2094,2,1,4,1,8,1,2,615,182,182,263000
120,53,4043,6,6,0,1069,0,1069,2,0,2,1,4,0,2,440,0,55,140000
20,50,6000,5,6,0,928,0,928,1,0,3,1,5,0,1,288,0,0,112500
20,87,11146,8,5,250,1717,0,1717,2,0,3,1,7,1,3,908,169,39,255500
20,67,8777,4,5,0,1126,0,1126,2,0,2,1,5,0,2,520,0,96,108000
60,85,10625,7,5,292,1006,1040,2046,2,1,3,1,8,1,3,871,320,62,284000
45,58,6380,5,6,0,1048,0,1048,1,0,2,1,5,1,1,280,0,0,113000
20,69,14850,5,5,0,1092,0,1092,1,0,2,1,6,1,1,299,268,0,141000
50,60,11040,4,6,0,897,439,1336,1,1,3,1,7,0,1,570,0,47,108000
60,57,21872,7,5,0,729,717,1446,2,1,3,1,6,1,2,406,264,22,175000
120,NA,3196,7,5,18,1557,0,1557,2,0,2,1,7,1,2,420,143,20,234000
20,NA,11341,5,6,180,1392,0,1392,1,1,3,1,5,1,2,528,0,0,121500
20,77,10010,5,5,0,1389,0,1389,1,0,2,1,6,1,2,418,240,38,170000
30,63,13907,5,6,0,996,0,996,1,0,3,1,6,1,0,0,144,0,108000
50,66,21780,6,7,0,1163,511,1674,2,0,4,1,8,1,2,396,72,36,185000
60,NA,13346,7,5,0,1166,1129,2295,2,1,4,1,9,1,2,590,0,40,268000
70,66,6858,6,4,0,841,806,1647,1,1,4,1,6,0,1,216,0,66,128000
60,77,11198,9,5,245,1134,1370,2504,2,1,4,1,11,1,3,656,144,39,325000
20,70,10171,7,5,168,1535,0,1535,2,0,3,1,7,0,2,532,0,0,214000
50,79,12327,8,8,0,1496,636,2132,1,1,1,1,5,1,2,612,349,40,316600
90,NA,7032,5,5,0,943,0,943,1,0,2,1,4,2,2,600,42,0,135960
90,74,13101,5,5,108,1728,0,1728,2,0,6,2,10,0,2,576,0,0,142600
20,60,7332,6,6,207,864,0,864,1,0,2,1,4,0,1,288,168,0,120000
60,83,13159,7,5,0,846,846,1692,2,1,3,1,6,0,2,650,208,114,224500
80,76,9967,7,5,0,774,656,1430,2,1,3,1,8,1,2,400,100,0,170000
80,70,10500,5,7,82,576,533,1109,1,0,3,1,5,0,1,288,35,0,139000
50,80,8480,5,5,0,832,384,1216,1,0,2,1,6,0,1,336,158,0,118500
50,52,6292,7,7,0,877,600,1477,2,0,3,1,6,1,1,216,0,50,145000
80,96,11777,5,6,97,1320,0,1320,1,0,3,1,6,2,2,564,160,68,164500
160,34,3604,7,5,0,703,689,1392,2,0,2,1,5,0,2,540,0,102,146000
50,81,12150,5,5,335,1050,745,1795,2,0,4,1,7,0,1,352,0,0,131500
20,NA,14585,6,6,85,1429,0,1429,1,0,3,1,7,2,2,572,216,110,181900
20,98,12704,8,5,306,2042,0,2042,2,1,3,1,8,1,3,1390,0,90,253293
90,81,11841,6,5,104,816,0,816,1,0,3,1,5,0,0,0,0,32,118500
75,75,13500,10,9,0,1521,1254,2775,3,1,3,1,9,1,2,880,105,502,325000
50,51,6120,4,7,0,989,584,1573,1,0,3,1,6,0,1,240,0,0,133000
20,88,11443,8,5,208,2028,0,2028,2,0,2,1,7,2,3,880,326,66,369900
30,55,10267,6,7,0,838,0,838,1,0,2,1,5,0,1,275,0,0,130000
85,74,8740,5,6,0,860,0,860,1,0,2,1,4,0,2,528,0,0,137000
20,65,25095,5,8,0,1473,0,1473,1,0,1,1,5,2,1,452,0,48,143000
40,50,9100,5,6,0,779,0,935,1,0,2,1,4,0,1,308,0,0,79500
60,64,8320,7,5,0,770,812,1582,2,1,3,1,6,0,2,520,0,45,185900
60,97,13478,10,5,420,1728,568,2296,2,1,3,1,10,1,3,842,382,274,451950
20,60,6600,5,8,0,816,0,816,1,0,2,1,4,0,2,816,0,0,138000
120,NA,4435,6,5,170,848,0,848,1,0,1,1,4,0,2,420,140,0,140000
20,88,7990,5,6,0,924,0,924,1,0,3,1,5,0,1,280,0,0,110000
20,69,11302,8,5,238,1826,0,1826,2,0,3,1,7,1,3,758,180,75,319000
70,60,3600,6,7,0,684,684,1368,1,0,3,1,7,0,1,216,0,158,114504
120,53,3922,7,5,72,1402,0,1402,0,2,2,1,7,1,3,648,120,16,194201
20,80,12984,5,6,459,1647,0,1647,2,0,3,1,7,1,2,621,0,0,217500
160,24,1950,6,6,0,716,840,1556,2,1,3,1,6,1,2,452,161,0,151000
60,74,10927,8,5,280,1058,846,1904,2,1,3,1,8,1,2,736,179,60,275000
50,50,9000,6,6,0,780,595,1375,1,1,3,1,6,1,1,544,0,162,141000
60,80,10041,8,5,0,927,988,1915,2,1,3,1,8,1,2,506,120,150,220000
160,30,3182,7,5,0,600,600,1200,2,1,2,1,4,0,2,480,0,172,151000
20,88,12803,7,5,99,1494,0,1494,2,0,3,1,6,1,2,530,192,36,221000
60,85,13600,7,6,176,1186,800,1986,2,1,3,1,7,3,2,486,0,42,205000
20,82,12464,5,5,0,1040,0,1040,1,0,3,1,6,0,2,576,168,0,152000
20,78,7800,5,8,0,1112,896,2008,3,0,3,1,8,0,1,230,103,0,225000
70,78,12168,8,6,0,1940,1254,3194,2,1,4,1,10,2,2,380,0,0,359100
20,61,7943,4,5,192,1029,0,1029,1,0,3,1,5,0,1,261,64,0,118500
60,NA,11050,9,5,204,1476,677,2153,2,1,3,1,8,2,3,736,253,142,313000
80,NA,10395,6,6,233,1032,0,1032,2,0,3,1,6,1,2,564,0,0,148000
60,NA,11885,8,5,108,1299,573,1872,2,1,3,1,7,1,2,531,160,122,261500
20,70,8402,5,5,0,1120,0,1120,1,0,3,1,6,0,0,0,0,30,147000
180,21,1491,4,6,0,630,0,630,1,0,1,1,3,0,0,0,96,24,75500
85,80,8800,6,7,156,1054,0,1054,1,0,3,1,6,0,2,480,120,0,137500
60,NA,7861,6,5,0,807,702,1509,2,1,3,1,7,1,2,393,100,75,183200
45,59,7227,6,6,0,832,0,832,1,0,2,1,4,0,2,528,0,0,105500
20,90,11694,9,5,452,1828,0,1828,2,0,3,1,9,1,3,774,0,108,314813
60,85,12244,8,5,226,1482,780,2262,2,1,4,1,10,2,3,749,168,0,305000
30,45,8248,3,3,0,864,0,864,1,0,2,1,5,0,0,0,0,0,67000
60,90,10800,6,7,0,1548,1066,2614,2,1,4,1,9,1,2,624,38,243,240000
20,71,7064,5,6,153,980,0,980,1,0,3,1,6,0,2,484,192,0,135000
160,NA,2117,6,5,513,756,756,1512,2,1,2,1,4,1,2,440,0,32,168500
60,80,10400,6,5,288,1012,778,1790,1,2,4,1,8,1,2,484,148,0,165150
20,87,10000,6,6,261,1116,0,1116,1,1,3,1,5,0,2,440,0,0,160000
20,NA,12342,5,5,0,1422,0,1422,1,0,3,1,6,1,1,286,0,0,139900
80,80,9600,6,6,164,1520,0,1520,1,0,3,1,7,2,1,364,0,0,153000
60,70,11606,5,5,192,1040,1040,2080,1,2,5,1,9,2,2,504,335,0,135000
80,82,9020,6,5,259,1350,0,1350,1,1,3,1,6,0,2,520,176,0,168500
70,50,9000,5,6,0,1089,661,1750,1,0,3,1,8,0,1,240,0,0,124000
120,34,4590,8,5,108,1554,0,1554,2,0,2,1,6,1,2,627,156,73,209500
20,85,11900,7,5,209,1411,0,1411,2,0,3,1,6,1,2,544,192,0,82500
20,80,9250,5,7,0,1056,0,1056,1,0,3,1,6,0,1,260,390,0,139400
90,64,6979,6,5,0,1056,0,1056,0,0,0,2,4,0,2,576,264,56,144000
190,60,10896,6,7,0,1440,1440,3395,2,0,8,2,14,0,0,0,0,110,200000
30,51,6120,2,3,0,800,0,800,1,0,1,1,4,1,0,0,0,0,60000
190,50,6000,5,4,0,811,576,1387,2,0,3,2,7,0,1,256,0,0,93000
30,67,8777,5,7,0,796,0,796,1,0,2,1,4,0,0,0,328,0,85000
120,53,3982,8,5,0,1567,0,1567,2,0,1,1,7,1,3,648,312,0,264561
120,62,12677,8,5,472,1518,0,1518,1,1,1,1,6,1,2,588,185,140,274000
60,NA,7050,7,5,0,1057,872,1929,2,1,3,1,7,1,2,650,0,235,226000
80,75,13860,8,7,0,2000,704,2704,2,1,4,1,9,3,2,538,269,111,345000
60,80,10793,5,5,263,780,840,1620,2,1,4,1,7,0,2,462,208,0,152000
20,85,9187,9,5,162,1766,0,1766,2,1,2,1,7,1,3,478,195,130,370878
20,NA,10530,6,5,0,981,0,981,1,1,3,1,5,0,2,576,0,312,143250
20,60,7200,5,5,0,1048,0,1048,1,0,3,1,7,0,2,420,0,27,98300
20,85,10452,6,5,216,1094,0,1094,1,0,3,1,5,2,2,495,0,0,155000
60,70,7700,6,5,351,1051,788,1839,1,1,4,1,7,1,2,442,0,124,155000
180,21,1936,4,6,0,630,0,630,1,0,1,1,3,0,0,0,0,0,84500
60,65,8125,7,6,NA,822,843,1665,2,1,3,1,7,0,2,562,0,0,205950
70,60,9084,4,5,0,755,755,1510,1,0,4,1,7,1,1,296,120,0,108000
60,70,8750,7,5,0,909,807,1716,2,1,2,1,7,1,2,512,0,120,191000
50,60,10320,6,7,0,756,713,1469,1,0,3,1,7,0,1,216,57,0,135000
20,91,10437,8,6,660,2113,0,2113,2,1,2,1,7,1,3,839,236,46,350000
160,21,1680,6,5,381,525,567,1092,1,1,3,1,6,0,1,264,0,0,88000
20,72,10007,5,7,54,1053,0,1053,1,1,3,1,5,0,1,312,0,0,145500
70,60,7200,7,6,0,851,651,1502,1,1,3,1,6,1,1,270,0,0,149000
50,78,17503,6,5,0,912,546,1458,1,0,3,1,6,1,1,330,192,0,97500
20,75,9937,5,7,0,1486,0,1486,1,0,3,1,7,0,2,480,0,0,167000
60,NA,12384,7,7,233,1142,793,1935,2,1,3,1,7,1,2,550,0,113,197900
60,52,46589,8,7,528,1686,762,2448,2,1,4,1,8,1,3,711,517,76,402000
20,120,13560,6,3,216,1392,0,1392,1,0,2,1,5,2,2,576,0,0,110000
85,90,10012,4,5,0,1181,0,1181,2,0,3,1,6,0,2,588,0,0,137500
20,49,20896,8,5,0,2097,0,2097,1,1,1,1,8,1,3,1134,192,267,423000
60,106,11194,8,5,40,1454,482,1936,2,1,3,1,7,1,2,504,188,124,230500
60,NA,18450,6,5,113,1465,915,2380,2,1,3,1,7,1,2,596,0,265,129000
20,65,8125,6,5,258,1679,0,1679,2,0,3,1,7,1,2,575,224,42,193500
20,NA,14175,5,6,0,1437,0,1437,1,1,3,1,6,1,2,576,304,0,168000
30,80,11600,4,5,0,1180,0,1180,1,0,2,1,5,1,1,252,0,0,137500
60,64,8633,6,5,0,738,738,1476,2,1,3,1,7,0,2,540,100,35,173500
70,54,6629,6,6,0,697,672,1369,2,0,3,1,6,0,1,300,147,0,103600
20,NA,11250,6,6,0,1208,0,1208,1,1,3,1,6,1,2,546,198,42,165000
20,110,14442,6,7,106,1839,0,1839,2,0,3,1,7,2,2,416,0,87,257500
20,80,9200,6,6,0,1136,0,1136,1,0,3,1,5,1,1,384,426,0,140000
160,24,2289,6,6,0,855,586,1441,2,1,3,1,7,1,2,440,28,0,148500
70,60,9600,4,2,0,1095,679,1774,2,0,4,2,8,0,3,779,0,0,87000
30,52,9022,5,8,0,792,0,792,1,0,2,1,5,0,1,240,316,0,109500
20,80,11844,8,5,464,2046,0,2046,2,1,3,1,7,1,3,834,322,82,372500
20,NA,9945,5,5,57,988,0,988,1,0,3,1,5,0,2,572,0,0,128500
120,50,8012,6,5,0,923,0,923,2,0,2,1,5,1,1,264,80,0,143000
50,55,4500,5,5,0,848,672,1520,1,0,3,1,6,0,1,281,0,0,159434
120,NA,2887,6,5,0,1291,0,1291,1,0,2,1,6,1,2,431,307,0,173000
20,90,11248,9,5,215,1668,0,1668,2,0,3,1,7,1,3,702,257,45,285000
60,58,16770,7,5,30,1195,644,1839,2,1,4,1,7,0,2,486,0,81,221000
160,NA,5062,7,5,0,1190,900,2090,2,0,3,1,6,1,2,577,219,0,207500
60,84,10207,7,6,0,874,887,1761,3,0,3,1,7,0,2,578,144,105,227875
160,NA,5105,7,5,0,551,551,1102,2,1,2,1,4,0,2,480,0,60,148800
20,60,8089,8,6,0,1419,0,1419,2,0,2,1,7,1,2,567,140,0,392000
120,61,7577,6,5,256,1362,0,1362,2,0,2,1,6,1,2,460,192,28,194700
120,NA,4426,6,5,147,848,0,848,1,0,1,1,3,1,2,420,149,0,141000
60,104,21535,10,6,1170,2444,1872,4316,3,1,4,1,10,2,3,832,382,50,755000
60,42,26178,7,5,293,1238,1281,2519,2,1,4,1,9,2,2,628,320,27,335000
30,60,5400,5,6,0,1073,0,1073,1,0,2,1,4,0,1,326,0,0,108480
50,51,6120,5,6,0,1067,472,1539,1,1,3,1,5,0,2,576,112,0,141500
20,54,13811,6,6,72,1137,0,1137,2,0,2,1,5,1,2,551,125,0,176000
30,50,6000,5,7,0,616,0,616,1,0,2,1,4,0,1,205,0,0,89000
20,57,6420,5,7,0,1148,0,1148,1,0,2,1,6,0,1,308,0,0,123500
20,65,8450,5,8,0,894,0,894,1,0,3,1,5,1,1,336,416,144,138500
120,59,4282,7,5,0,1391,0,1391,2,0,2,1,5,0,2,530,156,158,196000
20,85,14331,8,5,630,1800,0,1800,2,0,3,1,7,1,3,765,270,78,312500
20,80,9600,7,5,168,1164,0,1164,1,1,3,1,6,0,2,528,0,0,140000
60,82,12438,8,5,466,1264,1312,2576,2,1,4,1,10,1,3,666,324,100,361919
190,76,7630,5,9,0,1032,780,1812,2,0,4,2,8,1,2,672,344,0,140000
20,70,8400,7,5,109,1484,0,1484,2,0,3,1,7,0,2,606,0,35,213000
190,70,5600,4,5,0,372,720,1092,2,0,3,2,7,0,0,0,0,0,55000
20,NA,115149,7,5,351,1824,0,1824,2,0,2,1,5,2,2,739,380,48,302000
120,48,6240,8,5,176,1324,0,1324,2,0,2,1,6,1,2,550,192,38,254000
60,65,9018,7,5,0,728,728,1456,2,1,3,1,8,1,2,400,100,24,179540
20,NA,7162,5,7,41,904,0,904,1,0,3,1,6,0,1,408,0,0,109900
30,56,4130,3,6,0,729,0,729,1,0,2,1,5,0,0,0,0,0,52000
50,66,8712,4,7,0,859,319,1178,1,0,2,1,7,0,1,384,68,0,102776
120,40,4671,8,5,0,1228,0,1228,2,0,2,1,5,1,2,472,168,120,189000
190,60,9873,4,5,160,960,0,960,1,0,3,1,6,0,2,576,0,288,129000
60,NA,13517,6,8,289,725,754,1479,2,1,3,1,6,0,2,475,0,44,130500
20,78,10140,6,5,174,1350,0,1350,2,0,3,1,7,1,2,478,0,0,165000
70,60,10800,7,8,0,1576,978,2554,1,1,3,1,8,0,2,704,0,48,159500
20,80,10000,5,6,0,1178,0,1178,1,1,3,1,5,1,2,439,224,0,157000
60,96,10542,7,5,651,1325,1093,2418,2,1,3,1,9,1,3,983,250,154,341000
20,69,9920,5,6,0,971,0,971,1,1,3,1,5,1,1,300,0,0,128500
120,NA,6563,8,5,0,1742,0,1742,2,0,2,1,5,1,2,564,114,28,275000
120,NA,4426,6,5,169,848,0,848,1,0,1,1,3,0,2,420,160,0,143000
20,70,8120,4,7,0,864,0,864,1,0,3,1,5,0,2,463,0,0,124500
50,60,8172,4,6,0,997,473,1470,2,0,4,1,7,0,1,548,0,0,135000
20,86,13286,9,5,340,1698,0,1698,2,0,3,1,8,1,3,768,327,64,320000
20,60,6960,4,6,0,864,0,864,1,0,3,1,5,0,2,660,96,0,120500
20,NA,21695,6,9,260,1680,0,1680,2,0,3,1,5,1,2,540,292,44,222000
20,64,7314,7,5,82,1232,0,1232,2,0,2,1,6,0,2,632,132,0,194500
90,85,11475,5,5,95,1776,0,1776,2,0,4,2,9,0,3,888,0,25,110000
30,52,6240,4,5,0,848,0,1208,1,0,2,1,5,0,2,539,0,23,103000
120,39,5389,8,5,0,1616,0,1616,2,0,2,1,5,1,2,608,237,152,236500
80,73,9590,7,5,442,1146,0,1146,2,0,3,1,6,1,2,438,160,22,187500
60,75,11404,7,5,202,1153,878,2031,2,1,3,1,8,1,2,541,192,84,222500
20,80,10000,5,6,0,1144,0,1144,1,0,3,1,6,1,1,264,165,0,131400
20,NA,8978,5,5,0,948,0,948,1,0,3,1,6,0,1,300,147,0,108000
75,60,10800,7,7,0,880,888,1768,1,1,2,1,6,2,2,320,0,341,163000
90,60,8544,3,4,0,1040,0,1040,2,0,2,2,6,0,2,400,0,0,93500
60,72,10463,8,5,0,901,900,1801,2,1,3,1,8,1,3,800,0,116,239900
90,60,10800,5,5,0,1200,0,1200,3,0,3,1,5,0,0,0,120,0,179000
60,65,9313,7,5,0,864,864,1728,2,1,3,1,7,0,2,572,187,56,190000
70,60,9600,5,7,0,768,664,1432,2,0,2,1,7,0,2,360,270,0,132000
20,65,6768,6,8,0,912,0,912,1,0,3,1,5,0,1,288,168,0,142000
20,65,8450,7,5,108,1349,0,1349,2,0,3,1,6,0,2,539,120,55,179000
80,70,12886,5,6,0,1464,0,1464,2,0,3,1,6,1,2,480,302,0,175000
120,41,5395,8,5,0,1337,0,1337,2,0,2,1,5,1,2,462,96,0,180000
60,NA,8963,8,9,289,1175,1540,2715,3,1,4,1,11,2,2,831,0,204,299800
60,NA,8795,7,5,0,980,1276,2256,2,1,4,1,8,1,2,554,224,54,236000
70,65,11700,7,7,0,1320,1320,2640,1,1,4,1,8,1,4,864,181,0,265979
20,59,10593,7,5,338,1720,0,1720,2,0,3,1,7,1,2,527,240,56,260400
50,50,8405,4,3,0,1088,441,1529,2,0,4,1,9,0,1,240,92,0,98000
50,55,8800,4,7,0,792,348,1140,1,0,3,1,7,0,0,0,0,160,96500
60,NA,7750,7,5,0,660,660,1320,2,1,3,1,6,0,2,400,0,48,162000
20,79,9236,6,5,0,1494,0,1494,2,0,3,1,6,0,2,576,168,27,217000
60,80,10240,8,5,178,1038,1060,2098,2,1,3,1,8,1,3,878,192,52,275500
20,61,7930,6,8,0,1026,0,1026,1,0,3,1,5,0,2,440,171,48,156000
160,34,3230,6,5,894,742,729,1471,2,1,3,1,6,0,2,440,0,24,172500
60,68,10769,8,5,0,866,902,1768,2,1,3,1,7,0,2,578,144,105,212000
60,NA,11616,6,5,328,672,714,1386,2,1,3,1,6,1,2,440,335,0,158900
160,24,2280,7,5,360,757,744,1501,2,1,3,1,6,0,2,440,0,0,179400
60,65,12257,8,5,513,1328,1203,2531,2,1,4,1,9,1,3,752,222,98,290000
20,70,9100,6,6,0,864,0,864,1,0,2,1,5,0,1,300,0,0,127500
30,60,6911,5,5,0,1301,0,1301,1,0,2,1,5,0,2,440,0,0,100000
60,72,8640,7,5,0,764,783,1547,2,1,3,1,7,0,2,614,169,45,215200
60,82,9430,8,5,673,1268,1097,2365,2,1,3,1,8,1,3,856,0,128,337000
120,30,9549,8,5,0,1494,0,1494,1,1,2,1,6,1,2,481,0,30,270000
20,75,14587,9,5,284,1506,0,1506,2,0,2,1,6,1,2,592,0,174,264132
60,80,10421,7,5,42,980,734,1714,2,1,3,1,7,1,2,496,228,66,196500
50,75,12508,6,7,0,983,767,1750,2,0,4,1,7,0,1,423,245,0,160000
20,70,9100,7,5,0,1836,0,1836,2,0,3,1,8,1,2,484,120,33,216837
60,47,53504,8,5,603,1690,1589,3279,3,1,4,1,12,1,3,841,503,36,538000
85,NA,7252,5,5,0,858,0,858,1,0,2,1,5,0,2,576,120,0,134900
20,67,8877,4,5,0,1220,0,1220,1,0,2,1,6,0,2,396,0,0,102000
80,94,7819,6,5,0,1117,0,1117,1,0,3,1,6,1,2,672,144,0,107000
20,70,10150,5,5,1,912,0,912,1,0,2,1,5,0,1,275,0,0,114500
20,110,14226,8,5,375,1973,0,1973,2,0,3,1,9,1,3,895,315,45,395000
120,32,4500,6,5,320,1204,0,1204,2,0,2,1,5,0,2,412,0,247,162000
20,86,11210,7,5,240,1614,0,1614,2,0,3,1,7,0,3,865,144,59,221500
20,100,13350,5,5,0,894,0,894,1,0,3,1,5,1,2,440,241,0,142500
90,60,8400,5,5,320,2020,0,2020,2,0,4,2,10,2,2,630,0,0,144000
90,78,10530,6,5,90,1004,0,1004,1,0,2,1,4,0,2,504,0,0,135000
20,63,7875,7,5,38,1253,0,1253,2,0,3,1,6,1,2,402,220,21,176000
60,65,7153,6,5,0,810,793,1603,2,1,3,1,7,0,2,484,0,124,175900
20,67,16285,7,5,0,1430,0,1430,2,0,3,1,6,0,2,605,0,33,187100
85,NA,9101,5,6,104,1110,0,1110,1,0,1,1,4,1,2,602,303,30,165500
75,35,6300,6,6,0,742,742,1484,2,0,3,1,9,1,0,0,0,291,128000
20,NA,9790,6,5,0,1342,0,1342,2,0,3,1,7,1,2,457,0,0,161500
50,60,10800,5,6,0,966,686,1652,2,0,4,1,7,0,1,416,0,0,139000
60,76,10142,7,5,0,956,1128,2084,2,1,4,1,8,0,2,618,0,45,233000
20,50,6000,4,7,0,901,0,901,1,0,2,1,4,0,1,281,0,0,107900
60,NA,12205,6,8,157,976,1111,2087,2,1,5,1,9,0,2,444,133,168,187500
120,43,3182,7,5,11,1145,0,1145,2,0,2,1,5,1,2,397,100,16,160200
80,NA,11333,6,5,0,1062,0,1062,1,0,3,1,5,2,2,539,120,0,146800
60,92,9920,7,5,0,1127,886,2013,2,1,3,1,8,1,2,455,180,130,269790
20,76,9158,8,5,140,1496,0,1496,2,0,3,1,7,0,2,474,168,130,225000
60,NA,10832,7,5,0,1086,809,1895,2,1,3,1,7,1,2,409,143,46,194500
60,70,8400,6,6,130,888,676,1564,2,1,3,1,7,1,2,476,0,50,171000
20,71,8197,6,5,148,1285,0,1285,1,1,3,1,7,1,2,528,138,0,143500
20,57,7677,5,5,0,773,0,773,1,0,2,1,4,0,1,240,0,0,110000
60,104,13518,9,5,860,1966,1174,3140,3,1,4,1,11,2,3,820,144,78,485000
50,60,7200,5,7,252,981,787,1768,1,1,3,1,7,2,1,240,0,0,175000
60,79,12798,6,5,0,616,1072,1688,2,1,4,1,8,0,2,603,403,114,200000
30,40,4800,4,7,0,1196,0,1196,1,0,2,1,5,0,2,440,0,0,109900
60,63,8199,7,5,0,728,728,1456,2,1,3,1,7,1,2,410,36,18,189000
60,107,13891,9,5,424,1734,1088,2822,3,1,4,1,12,1,3,1020,52,170,582933
20,75,9000,5,5,0,1128,0,1128,1,0,2,1,5,0,1,286,0,0,118000
20,91,12274,7,5,256,1428,0,1428,2,0,3,1,6,0,2,554,0,60,227680
80,75,9750,5,5,0,980,0,980,2,0,3,1,6,0,1,384,68,0,135500
70,144,21384,5,6,0,1072,504,1576,1,1,3,1,6,1,2,528,0,312,223500
80,85,13400,5,5,1047,1086,0,1086,1,0,3,1,6,1,2,484,0,0,159950
75,90,8100,5,5,0,1075,1063,2138,2,0,2,3,11,0,2,360,40,156,106000
20,78,10140,6,6,99,1309,0,1309,1,1,3,1,5,1,2,484,265,0,181000
120,NA,4438,6,5,169,848,0,848,1,0,1,1,4,1,2,420,140,0,144500
20,66,8712,5,5,0,1044,0,1044,1,0,2,1,4,0,2,504,0,0,55993
20,75,9750,6,6,243,1442,0,1442,1,1,4,1,7,0,1,301,0,0,157900
50,45,8248,5,7,0,686,564,1250,1,1,3,1,7,0,1,280,207,0,116000
20,48,12137,7,5,442,1661,0,1661,2,0,3,1,6,0,2,598,0,34,224900
20,NA,11425,5,6,0,1008,0,1008,1,0,2,1,4,1,1,275,0,0,137000
20,NA,13265,8,5,148,1689,0,1689,2,0,3,1,7,2,3,857,150,59,271000
80,80,8816,6,7,80,1052,0,1052,1,0,3,1,6,0,2,440,0,0,155000
120,44,6371,7,5,128,1358,0,1358,2,0,2,1,6,1,2,484,192,35,224000
60,72,7226,7,5,0,798,842,1640,2,1,3,1,6,0,2,595,0,45,183000
20,60,6000,4,4,0,936,0,936,1,0,2,1,4,0,2,576,0,32,93000
60,NA,12394,7,5,0,847,886,1733,2,1,3,1,7,1,2,433,100,48,225000
50,60,9900,6,7,0,944,545,1489,2,0,3,1,7,1,1,240,335,0,139500
20,81,11216,8,5,0,1489,0,1489,2,0,3,1,7,1,2,776,0,140,232600
20,114,14803,10,5,816,2084,0,2084,2,0,2,1,7,1,3,1220,188,45,385000
45,50,6130,5,6,0,784,0,784,1,0,2,1,5,0,0,0,0,0,109500
20,65,8529,7,5,0,1434,0,1434,2,0,3,1,6,1,2,527,290,39,189000
60,NA,28698,5,5,0,1160,966,2126,2,1,3,1,7,0,2,538,486,0,185000
160,24,2544,7,5,0,520,623,1223,2,1,2,1,4,0,2,480,0,166,147400
20,80,11900,6,5,387,1392,0,1392,1,1,3,1,6,2,2,458,0,0,166000
160,30,3180,7,5,0,520,600,1200,2,1,2,1,4,0,2,480,0,166,151000
60,44,9548,7,6,223,941,888,1829,2,1,3,1,7,1,2,613,192,39,237000
20,100,10004,6,6,180,1516,0,1516,1,1,3,1,6,0,2,472,0,0,167000
20,75,7875,5,6,136,1144,0,1144,1,0,3,1,6,0,2,456,0,0,139950
20,60,9600,4,7,0,1067,0,1067,2,0,2,1,4,0,2,436,290,0,128000
30,90,8100,5,6,0,1559,0,1559,1,0,2,1,5,0,2,812,0,116,153500
160,21,1680,6,5,158,483,504,987,1,1,2,1,5,0,1,264,0,0,100000
20,75,9525,5,6,0,1099,0,1099,1,1,3,1,6,0,1,352,278,0,144000
50,70,11767,5,6,0,768,432,1200,1,0,3,1,6,0,1,240,0,0,130500
70,NA,12155,6,8,0,810,672,1482,2,0,4,1,7,0,1,400,0,0,140000
70,60,10440,5,8,0,958,581,1539,2,0,3,1,8,1,2,686,70,78,157500
80,82,9020,6,7,183,1165,0,1165,1,1,3,1,6,0,2,490,0,129,174900
90,80,8000,5,4,0,1800,0,1800,2,0,6,2,10,0,0,0,0,0,141000
50,100,12665,5,8,0,876,540,1416,1,1,4,1,7,1,3,720,418,0,153900
85,NA,16647,5,5,0,1701,0,1701,2,0,3,1,6,2,2,611,0,0,171000
60,75,9317,7,5,137,1006,769,1775,2,1,3,1,7,1,2,425,234,72,213000
20,36,15523,5,6,0,864,0,864,1,0,3,1,5,1,1,338,0,0,133500
50,75,45600,6,8,0,1307,1051,2358,3,0,5,1,10,1,2,360,486,40,240000
80,80,9600,6,7,360,1094,761,1855,2,1,3,1,7,1,2,512,113,100,187000
120,36,4435,6,5,170,848,0,848,1,0,1,1,3,0,2,420,140,0,131500
120,NA,3196,8,5,40,1456,0,1456,2,0,2,1,7,1,2,400,143,20,215000
75,53,7128,7,5,0,918,728,1646,2,0,4,1,7,2,1,240,0,0,164000
80,NA,12095,6,6,115,1445,0,1445,1,1,3,1,7,1,2,645,180,0,158000
20,102,17920,5,4,0,1779,0,1779,1,1,3,1,6,1,2,454,0,418,170000
20,NA,6897,5,8,0,1040,0,1040,1,1,3,1,6,0,1,260,0,104,127000
80,NA,10970,6,6,0,1026,0,1026,1,0,3,1,5,0,2,576,0,0,147000
60,65,8125,6,5,0,702,779,1481,2,1,3,1,6,1,2,343,0,36,174000
20,80,10400,7,5,189,1370,0,1370,2,0,3,1,6,1,2,479,0,0,152000
60,NA,11029,6,7,220,1512,1142,2654,2,1,4,1,9,1,2,619,0,65,250000
50,55,7642,7,8,0,912,514,1426,1,1,3,1,7,1,1,216,0,240,189950
190,75,11625,5,4,0,1039,0,1039,1,1,3,1,6,0,2,504,0,0,131500
20,81,9672,6,5,0,1097,0,1097,2,0,3,1,6,0,2,480,0,0,152000
20,70,7931,5,5,0,1148,0,1148,1,0,3,1,6,0,1,672,0,0,132500
20,72,8640,7,5,0,1372,0,1372,2,0,3,1,6,0,2,529,0,140,250580
20,NA,8750,5,6,76,1002,0,1002,1,0,3,1,5,0,2,902,0,0,148500
20,67,10656,8,5,274,1646,0,1646,2,0,3,1,6,1,3,870,192,80,248900
20,85,6970,4,5,0,1120,0,1120,1,1,3,1,5,0,2,544,168,0,129000
60,NA,14762,5,6,0,1547,720,2320,2,0,2,1,7,1,2,672,120,144,169000
60,80,9938,7,5,246,1062,887,1949,2,1,3,1,8,1,2,574,156,90,236000
20,60,6600,5,5,0,894,0,894,1,0,2,1,5,0,1,308,0,0,109500
60,70,8750,6,5,116,804,878,1682,2,1,3,1,7,0,2,523,0,77,200500
20,74,8892,5,7,0,910,0,910,1,0,3,1,5,0,2,414,196,0,116000
40,60,12144,5,7,0,1036,0,1268,1,0,3,1,6,1,1,288,0,28,133000
50,52,5720,5,6,0,676,455,1131,1,1,3,1,5,0,1,200,26,0,66500
60,75,9000,8,5,0,1184,1426,2610,2,1,4,1,11,1,2,550,208,364,303477
20,94,25286,4,5,0,1040,0,1040,1,0,3,1,5,0,2,648,0,0,132250
60,74,8834,9,5,216,1462,762,2224,2,1,4,1,10,1,3,738,184,0,350000
85,88,11782,5,7,0,1155,0,1155,1,0,3,1,6,0,2,576,192,0,148000
20,NA,7000,5,8,90,864,0,864,1,0,3,1,6,0,1,336,0,0,136500
20,60,7024,5,5,0,1090,0,1090,1,1,2,1,5,0,2,450,0,49,157000
50,44,13758,7,5,117,1187,530,1717,2,1,3,1,7,1,2,400,168,36,187500
60,NA,9636,6,5,0,808,785,1593,2,1,3,1,7,1,2,389,342,40,178000
75,60,6204,4,5,0,954,795,2230,1,0,5,1,10,0,1,440,0,188,118500
20,65,7150,5,5,60,892,0,892,1,0,3,1,5,0,1,288,0,0,100000
120,50,5119,9,5,60,1709,0,1709,2,0,2,1,5,1,2,506,97,65,328900
90,70,8393,5,5,122,1712,0,1712,2,0,4,2,8,0,2,588,272,54,145000
50,59,16466,5,7,0,872,521,1393,1,1,3,1,8,0,1,300,121,0,135500
20,95,15865,8,6,0,2217,0,2217,2,0,4,1,8,1,2,621,81,207,268000
20,128,12160,6,4,90,1505,0,1505,1,0,2,1,6,1,2,505,0,0,149500
50,60,8064,5,7,0,672,252,924,1,0,3,1,6,1,2,576,0,0,122900
60,70,11184,6,5,92,918,765,1683,2,1,3,1,7,1,2,440,243,0,172500
20,70,8414,6,8,0,1068,0,1068,1,0,3,1,6,0,1,264,192,0,154500
20,NA,13284,5,5,0,1383,0,1383,1,0,3,1,6,1,1,354,511,116,165000
90,64,7018,5,5,0,1535,0,1535,2,0,4,2,8,0,2,400,0,0,118858
60,71,7056,6,5,415,983,813,1796,1,1,4,1,8,1,2,483,0,50,140000
30,50,8765,4,6,0,951,0,951,1,0,2,1,6,0,1,327,0,28,106500
90,64,7018,5,5,0,1120,1120,2240,2,0,6,2,12,0,2,528,154,0,142953
20,100,12919,9,5,760,2364,0,2364,2,1,2,1,11,2,3,820,0,67,611657
20,65,6993,5,7,0,1236,0,1236,1,0,3,1,6,1,1,288,0,0,135000
20,NA,7340,4,6,0,858,0,858,1,0,2,1,4,0,1,684,0,0,110000
20,64,8712,5,7,0,1306,0,1306,1,0,2,1,5,0,1,756,0,0,153000
60,63,7875,7,5,0,807,702,1509,2,1,3,1,8,1,2,393,0,75,180000
20,50,14859,7,5,27,1670,0,1670,2,0,3,1,7,1,3,690,144,60,240000
20,NA,6173,5,6,75,902,0,902,1,0,3,1,6,0,1,288,0,0,125500
20,80,9920,5,5,110,1063,0,1063,1,0,3,1,6,0,1,280,0,0,128000
20,116,13501,8,5,208,1636,0,1636,2,0,3,1,8,1,3,865,0,60,255000
50,86,11500,7,7,0,1020,1037,2057,1,1,3,1,6,1,1,180,0,0,250000
20,NA,8885,5,5,0,902,0,902,1,0,2,1,5,0,2,484,164,0,131000
60,149,12589,6,5,0,742,742,1484,2,1,3,1,8,1,2,390,36,24,174000
90,80,11600,5,5,361,1105,1169,2274,2,0,5,2,12,0,2,480,0,0,154300
20,NA,9286,5,7,0,1268,0,1268,1,1,3,1,5,0,1,252,173,0,143500
30,51,6120,5,7,0,1015,0,1015,1,0,3,1,6,0,1,450,0,0,88000
90,82,6270,5,6,0,1001,1001,2002,2,0,4,2,8,0,3,871,0,0,145000
160,30,3000,6,5,76,612,612,1224,2,1,2,1,4,0,2,528,0,234,173733
160,21,2001,4,5,80,546,546,1092,1,1,3,1,6,0,1,286,0,0,75000
20,50,9000,2,3,0,480,0,480,0,0,1,1,4,0,1,308,0,0,35311
20,NA,17140,4,6,0,1229,0,1229,1,0,3,1,6,0,1,284,0,0,135000
60,103,13125,7,5,0,912,1215,2127,2,1,4,1,8,1,3,833,72,192,238000
20,87,11029,6,8,0,1414,0,1414,1,0,3,1,6,1,2,601,0,51,176500
60,70,8462,6,5,105,936,785,1721,2,1,3,1,7,0,2,471,300,87,201000
90,67,8777,5,7,0,1272,928,2200,2,2,4,2,9,0,0,0,0,70,145900
20,65,10237,6,5,0,1316,0,1316,2,0,3,1,6,1,2,397,100,0,169990
120,50,8012,6,5,0,1617,0,1617,2,0,2,1,5,1,2,533,0,69,193000
20,79,10240,6,6,157,1686,0,1686,2,0,3,1,7,1,2,612,384,131,207500
20,NA,15611,5,6,0,1126,0,1126,2,0,3,1,6,0,2,540,180,0,175000
60,93,11999,8,5,340,1234,1140,2374,2,1,4,1,10,1,3,656,104,100,285000
60,NA,9900,7,5,342,1098,880,1978,2,1,4,1,9,1,2,486,0,43,176000
20,NA,11838,8,5,0,1788,0,1788,2,0,3,1,7,1,2,522,202,151,236500
60,NA,13006,7,5,285,993,1243,2236,2,1,4,1,8,1,2,642,0,0,222000
20,73,8925,8,5,0,1466,0,1466,2,0,3,1,7,0,3,610,100,18,201000
20,70,9100,5,6,0,925,0,925,1,0,2,1,5,0,1,429,0,0,117500
20,84,11670,9,5,302,1905,0,1905,2,0,3,1,8,1,3,788,0,191,320000
20,63,8487,7,5,210,1500,0,1500,2,0,3,1,6,0,2,570,192,36,190000
20,313,27650,7,7,0,2069,0,2069,2,0,4,1,9,1,2,505,0,0,242000
30,52,5825,4,5,108,747,0,747,1,0,1,1,5,0,2,528,0,0,79900
20,67,10083,7,5,NA,1200,0,1200,2,0,2,1,5,0,2,555,0,41,184900
60,75,9675,7,5,0,1113,858,1971,2,1,3,1,8,1,2,689,0,48,253000
60,73,8760,7,5,0,1391,571,1962,2,1,3,1,7,0,3,868,0,90,239799
70,NA,24090,7,7,0,1207,1196,2403,2,0,4,1,10,2,1,349,56,0,244400
90,55,12640,6,5,0,1728,0,1728,2,0,4,2,8,0,2,574,40,0,150900
60,NA,8755,7,5,298,1022,1038,2060,2,1,3,1,8,1,2,390,0,0,214000
90,42,7711,4,3,0,1440,0,1440,2,0,4,2,8,0,0,0,321,0,150000
90,100,25000,5,4,0,1632,0,1632,2,0,4,2,8,0,2,576,0,0,143000
20,NA,14375,6,6,541,1344,0,1344,1,0,3,1,7,1,2,525,0,118,137500
50,98,8820,5,6,0,1188,561,1869,1,0,2,1,7,0,2,456,48,0,124900
80,70,8163,5,6,128,1144,0,1144,1,0,3,1,6,1,1,796,86,0,143000
20,85,14536,8,5,236,1629,0,1629,2,0,3,1,9,1,3,808,0,252,270000
60,65,14006,7,5,144,936,840,1776,2,1,3,1,7,1,2,474,144,96,192500
20,78,9360,6,7,0,1381,0,1381,1,1,3,1,5,1,2,676,0,0,197500
20,60,7200,5,8,0,864,0,864,1,0,3,1,5,0,2,720,194,0,129000
20,60,7800,5,5,0,965,0,965,1,0,3,1,6,0,1,300,421,0,119900
85,60,7200,5,8,0,768,0,768,1,0,2,1,5,0,1,396,192,0,133900
60,NA,11075,5,4,232,1168,800,1968,2,1,4,1,7,1,2,530,305,189,172000
90,35,9400,6,5,250,980,0,980,2,0,4,0,4,0,0,0,0,0,127500
90,82,7136,6,6,423,979,979,1958,2,0,4,2,8,0,2,492,0,0,145000
160,24,1300,6,6,0,561,668,1229,1,1,2,1,5,1,2,462,150,0,124000
20,70,7420,5,5,0,1057,0,1057,1,0,3,1,6,0,2,576,0,0,132000
20,65,8450,7,5,0,1337,0,1337,2,0,3,1,6,0,2,531,0,39,185000
160,24,2572,7,5,0,696,720,1416,2,1,3,1,6,0,2,484,0,44,155000
20,50,7207,5,7,0,858,0,858,1,0,2,1,4,0,0,0,117,0,116500
60,NA,12227,6,7,424,1542,1330,2872,2,1,4,1,11,1,2,619,550,282,272000
160,24,2308,6,6,0,804,744,1548,2,1,3,1,7,1,2,440,48,0,155000
20,122,11923,9,5,0,1800,0,1800,2,0,2,1,7,0,2,702,288,136,239000
60,80,11316,7,5,44,824,1070,1894,2,1,4,1,8,1,2,510,0,40,214900
60,65,10237,6,5,0,783,701,1484,2,1,3,1,8,1,2,393,0,72,178900
50,130,9600,5,7,0,976,332,1308,1,1,2,1,7,2,1,256,0,70,160000
20,NA,7390,5,7,151,1098,0,1098,1,0,3,1,6,0,1,260,0,0,135000
50,50,5925,3,6,0,600,368,968,1,0,2,1,6,0,0,0,0,0,37900
190,75,10382,6,5,105,1095,0,1095,1,0,2,1,6,0,1,264,0,0,140000
50,60,10800,4,4,0,720,472,1192,1,1,4,1,6,0,0,0,0,0,135000
160,36,2268,7,5,106,764,862,1626,2,0,2,1,6,0,2,474,0,27,173000
120,55,7892,6,5,0,918,0,918,2,0,2,1,5,1,1,264,28,0,99500
20,95,11639,7,5,NA,1428,0,1428,2,0,3,1,6,0,2,480,0,120,182000
70,60,11414,7,8,0,1136,883,2019,1,0,3,1,8,0,2,532,509,135,167500
160,NA,2651,7,5,0,673,709,1382,2,1,3,1,6,0,2,490,153,50,165000
30,51,5900,4,7,0,869,0,869,1,0,2,1,4,0,0,0,0,0,85500
120,35,4274,7,5,NA,1241,0,1241,1,1,1,1,4,0,2,569,0,116,199900
20,68,9450,4,5,0,894,0,894,1,0,3,1,5,0,2,400,0,0,110000
20,80,8816,5,6,0,1121,0,1121,1,0,3,1,5,0,2,480,0,80,139000
85,NA,12122,7,9,210,999,0,999,1,0,3,1,6,0,2,588,144,76,178400
60,98,12203,8,5,975,1276,1336,2612,2,1,4,1,8,1,3,676,250,0,336000
20,43,3182,7,5,16,1266,0,1266,2,0,2,1,6,1,2,388,100,16,159895
60,NA,11250,8,5,0,1149,1141,2290,2,1,4,1,9,1,2,779,0,0,255900
90,75,10125,5,5,0,1302,432,1734,2,0,4,2,8,0,2,539,0,0,126000
190,68,10880,5,5,0,1164,0,1164,1,0,3,1,5,0,1,240,0,48,125000
50,59,5310,6,8,0,1001,634,1635,1,0,2,1,5,0,1,255,394,0,117000
20,83,10159,9,5,450,1940,0,1940,2,1,3,1,8,1,3,606,168,95,395192
60,NA,12046,6,6,298,1118,912,2030,2,1,4,1,8,1,2,551,0,224,195000
60,65,8125,7,5,0,778,798,1576,2,1,3,1,6,0,2,614,0,50,197000
60,82,9452,8,5,423,1407,985,2392,2,1,3,1,7,1,3,870,0,70,348000
70,121,17671,8,9,0,916,826,1742,1,1,4,1,8,1,2,424,0,169,168000
60,80,9760,6,8,340,1020,831,1851,2,1,3,1,7,1,2,440,239,42,187000
60,68,8846,6,5,0,750,750,1500,2,1,3,1,6,0,2,564,0,35,173900
20,96,12456,10,5,230,1718,0,1718,2,0,3,1,7,1,3,786,216,48,337500
50,51,4712,4,7,0,774,456,1230,1,1,3,1,5,0,1,305,0,57,121600
20,NA,10659,5,6,0,1050,0,1050,1,0,3,1,6,0,1,368,0,319,136500
20,NA,11717,6,6,571,1442,0,1442,2,0,2,1,6,1,2,615,371,0,185000
30,60,9786,3,4,0,1077,0,1077,1,0,3,1,6,1,1,210,0,100,91000
20,64,6762,7,5,24,1208,0,1208,2,0,2,1,6,0,2,632,105,61,206000
20,74,10206,3,3,0,944,0,944,1,0,2,1,4,0,2,528,0,0,82000
30,60,5400,5,6,0,691,0,691,1,0,2,1,4,0,1,216,0,20,86000
20,75,11957,8,5,53,1574,0,1574,2,0,3,1,7,1,3,824,144,104,232000
90,NA,11500,5,6,164,1680,0,1680,2,0,4,2,8,0,2,528,0,0,136905
120,43,3182,7,5,16,1504,0,1504,2,0,1,1,7,1,2,457,156,0,181000
80,65,8385,5,8,220,985,0,985,2,0,3,1,6,0,1,328,210,0,149900
20,NA,12155,6,3,0,1657,0,1657,2,0,3,1,7,1,2,484,0,0,163500
160,21,2217,4,4,0,546,546,1092,1,1,3,1,6,0,1,286,238,0,88000
20,43,12118,7,5,108,1710,0,1710,2,0,3,1,7,1,2,550,100,48,240000
50,60,6000,5,5,0,1008,0,1522,2,0,4,1,7,0,0,0,0,0,102000
50,115,21286,5,5,0,720,551,1271,2,0,4,1,7,1,1,312,0,0,135000
90,75,9825,5,5,0,1664,0,1664,2,0,4,2,8,0,0,0,0,0,100000
70,55,10592,6,7,0,900,602,1502,1,1,3,1,7,2,1,180,96,0,165000
30,60,7200,5,4,0,1022,0,1022,1,0,2,1,4,0,1,280,0,30,85000
20,60,11664,6,5,206,1082,0,1082,1,0,2,1,5,1,1,240,0,130,119200
60,70,8400,8,6,0,810,855,1665,2,1,3,1,6,0,2,528,0,45,227000
20,73,11883,7,5,196,1504,0,1504,2,0,3,1,6,1,2,478,115,66,203000
120,NA,5814,8,5,0,1360,0,1360,1,0,1,1,4,1,2,565,63,0,187500
80,NA,10784,7,5,76,802,670,1472,2,1,3,1,7,1,2,402,164,0,160000
120,43,3013,7,5,145,1506,0,1506,2,0,2,1,6,1,2,440,142,20,213490
20,60,7024,4,5,0,1132,0,1132,1,1,2,1,5,0,2,451,252,64,176000
20,64,7406,7,5,84,1220,0,1220,2,0,2,1,6,0,2,632,105,54,194000
50,52,9439,5,5,0,912,336,1248,1,0,2,1,6,0,1,160,0,0,87000
120,43,3182,7,5,14,1504,0,1504,2,0,2,1,7,1,2,437,156,20,191000
20,NA,15498,8,6,0,2898,0,2898,2,0,2,1,10,1,2,665,0,72,287000
20,70,7700,5,5,0,882,0,882,1,0,3,1,5,0,2,461,96,0,112500
20,73,9300,5,5,324,1264,0,1264,1,0,3,1,6,2,2,461,0,0,167500
20,71,9520,8,5,338,1646,0,1646,2,0,3,1,7,1,3,800,192,44,293077
50,79,9492,5,5,0,968,408,1376,1,0,3,1,6,1,1,240,0,0,105000
160,21,1680,6,7,281,672,546,1218,1,1,3,1,7,0,1,264,0,28,118000
190,NA,7082,5,8,0,948,980,1928,2,0,5,2,10,0,0,0,0,0,160000
75,102,15863,7,3,0,1687,998,3082,2,1,5,1,12,2,2,672,136,63,197000
60,NA,14541,8,7,0,1352,1168,2520,2,1,5,1,10,1,3,796,209,55,310000
20,NA,8125,7,5,295,1654,0,1654,2,0,3,1,6,0,3,900,0,136,230000
30,50,6305,5,7,0,954,0,954,1,0,2,1,5,1,1,240,0,0,119750
20,NA,11500,4,3,0,845,0,845,1,0,3,1,5,0,1,290,186,0,84000
20,89,12898,9,5,70,1620,0,1620,2,0,2,1,6,1,3,912,228,0,315500
60,NA,9240,8,5,396,1055,1208,2263,2,1,3,1,7,1,2,905,0,45,287000
160,21,1533,4,6,0,798,546,1344,1,1,3,1,6,1,0,0,0,0,97000
180,21,1477,4,4,0,630,0,630,1,0,1,1,3,0,1,286,0,0,80000
20,88,13125,5,4,67,1803,0,1803,2,0,3,1,8,1,2,484,0,0,155000
60,NA,9130,6,8,252,800,832,1632,1,1,4,1,7,0,2,484,0,40,173000
120,34,5381,6,5,135,1306,0,1306,2,0,1,1,5,1,2,624,170,63,196000
60,86,11839,7,5,99,1532,797,2329,2,1,4,1,10,1,2,514,192,121,262280
20,80,9600,8,5,0,2524,0,2524,2,1,4,1,9,1,2,542,474,120,278000
20,NA,13680,3,5,0,1733,0,1733,2,0,4,1,8,1,2,452,0,0,139600
60,85,16056,9,5,208,1992,876,2868,3,1,4,1,11,1,3,716,214,108,556581
20,57,9245,5,5,0,990,0,990,1,0,3,1,5,0,2,672,0,0,145000
20,100,21750,5,4,75,1771,0,1771,1,0,3,1,9,1,2,336,0,0,115000
20,60,11100,4,7,0,930,0,930,1,0,2,1,6,0,1,308,0,0,84900
20,73,8993,7,5,0,1302,0,1302,2,0,3,1,6,0,2,436,0,22,176485
20,103,11175,7,5,0,1316,0,1316,2,0,3,1,6,1,2,440,0,20,200141
60,100,9500,6,6,272,1127,850,1977,1,1,4,1,9,1,2,540,0,52,165000
20,68,8562,5,6,145,1526,0,1526,1,0,4,1,7,1,1,364,116,78,144500
60,90,11367,8,5,210,1091,898,1989,2,1,3,1,7,1,2,586,199,60,255000
20,104,11361,6,5,160,1523,0,1523,2,0,3,1,7,1,2,478,0,0,180000
120,43,7052,7,5,240,1364,0,1364,2,0,2,1,6,1,2,484,192,36,185850
60,NA,29959,7,6,0,979,871,1850,2,1,3,1,7,1,2,467,168,98,248000
60,96,11308,9,5,154,1130,1054,2184,2,1,3,1,10,1,3,836,0,102,335000
50,NA,11275,6,7,480,1096,895,1991,1,1,3,1,7,1,2,432,0,0,220000
120,41,4920,8,5,0,1338,0,1338,2,0,2,1,6,0,2,582,0,0,213500
30,120,18000,3,4,0,894,0,894,1,0,2,1,6,0,3,1248,0,20,81000
190,85,13600,5,5,0,1422,915,2337,2,0,5,2,10,0,2,560,0,57,90000
30,50,6000,6,6,0,1103,0,1103,1,0,2,1,5,1,2,440,166,120,110500
20,NA,11000,5,6,200,1154,0,1154,1,1,3,1,6,1,2,480,0,58,154000
60,80,14000,7,5,0,1306,954,2260,2,1,3,1,7,0,2,533,296,44,328000
60,59,7837,6,7,0,799,772,1571,2,1,3,1,7,1,2,380,0,40,178000
60,80,9760,6,6,360,798,813,1611,1,1,4,1,7,0,2,442,328,128,167900
160,42,3964,6,4,0,1291,1230,2521,2,1,5,1,10,1,2,576,728,20,151400
45,60,9600,5,7,0,893,0,893,1,0,2,1,4,0,2,576,0,0,135000
20,72,10152,5,5,120,1048,0,1048,1,0,3,1,6,0,1,286,0,20,135000
60,78,11700,6,6,0,829,727,1556,1,1,4,1,8,0,2,441,0,0,154000
50,50,7585,5,3,0,1002,454,1456,1,0,4,1,7,1,1,280,0,0,91500
60,75,7950,6,6,140,698,728,1426,1,1,3,1,6,0,2,440,252,0,159500
20,74,8556,7,5,0,1240,0,1240,2,0,2,1,5,0,3,826,140,93,194000
70,75,13125,7,6,0,960,780,1740,1,1,3,1,6,2,1,240,0,0,219500
50,60,10800,5,8,0,1096,370,1466,2,0,3,1,7,1,2,566,436,21,170000
20,NA,15870,5,5,0,1096,0,1096,1,0,3,1,6,0,1,299,240,32,138800
120,37,4435,6,5,169,848,0,848,1,0,1,1,3,1,2,420,140,0,155900
20,65,8775,5,5,0,990,0,990,1,0,3,1,5,0,1,299,0,64,126000
20,80,11040,6,7,144,1258,0,1258,2,0,3,1,5,0,2,528,55,0,145000
20,75,7500,5,5,0,1040,0,1040,1,1,3,1,5,0,1,308,0,0,133000
20,70,8749,7,5,100,1459,0,1459,2,0,3,1,6,1,2,527,192,39,192000
20,80,8800,6,6,425,1251,0,1251,1,0,3,1,6,2,1,461,0,116,160000
60,NA,13031,6,5,0,691,807,1498,2,1,3,1,6,1,2,409,315,44,187500
85,73,9069,6,6,0,996,0,996,1,0,2,1,5,0,2,564,120,0,147000
160,NA,1974,4,5,0,546,546,1092,1,1,3,1,6,0,1,286,120,96,83500
60,85,10574,8,5,0,1082,871,1953,2,1,3,1,9,1,3,1043,160,50,252000
160,24,2522,7,5,50,970,739,1709,2,0,3,1,7,0,2,380,0,40,137500
120,37,3316,8,5,0,1247,0,1247,1,1,1,1,4,1,2,550,0,84,197000
90,60,8544,3,4,0,1040,0,1040,2,0,2,2,6,0,2,400,0,0,92900
160,24,2160,7,5,212,624,628,1252,2,1,2,1,4,0,2,462,0,48,160000
50,60,8400,6,5,0,1390,304,1694,2,0,4,1,7,1,2,576,342,0,136500
20,71,9230,5,8,166,1200,0,1200,1,1,1,1,6,0,2,884,0,64,146000
20,74,5868,5,7,0,936,0,936,1,0,2,1,4,0,1,308,0,0,129000
20,78,9317,6,5,0,1314,0,1314,2,0,3,1,6,1,2,440,0,22,176432
70,60,6882,6,7,0,773,582,1355,1,1,3,1,7,0,0,0,136,0,127000
120,NA,3696,8,5,0,1088,0,1088,1,1,2,1,5,0,2,461,0,74,170000
50,50,6000,4,6,0,757,567,1324,1,0,3,1,6,0,1,240,0,0,128000
20,82,11880,7,5,206,1601,0,1601,2,0,3,1,7,1,2,478,0,0,157000
30,60,8400,2,5,0,438,0,438,1,0,1,1,3,0,1,246,0,0,60000
20,61,9758,5,5,0,950,0,950,1,0,3,1,5,0,1,280,0,0,119500
20,70,7000,5,7,45,1134,0,1134,1,0,2,1,6,0,1,254,0,16,135000
20,79,8910,6,6,0,1194,0,1194,1,0,3,1,6,1,2,539,0,0,159500
160,24,2016,5,5,304,630,672,1302,2,1,3,1,6,0,2,440,0,0,106000
60,98,12256,8,5,362,1500,1122,2622,2,1,3,1,9,2,2,712,186,32,325000
20,114,10357,7,5,0,1442,0,1442,2,0,3,1,6,1,2,719,0,244,179900
60,168,23257,7,5,0,887,1134,2021,2,1,3,1,9,1,2,422,0,100,274725
60,NA,8063,6,5,0,948,742,1690,2,1,3,1,7,1,2,463,100,48,181000
20,107,11362,8,5,42,1836,0,1836,2,0,3,1,7,1,3,862,125,185,280000
60,NA,8000,6,5,0,773,885,1658,2,1,3,1,8,1,2,431,224,84,188000
60,80,10480,7,6,660,1098,866,1964,2,1,4,1,8,1,2,483,0,69,205000
20,73,7100,5,7,0,816,0,816,1,0,2,1,5,0,1,308,0,0,129900
20,66,8923,5,7,0,1008,0,1008,1,0,2,1,6,0,1,240,0,18,134500
20,90,5400,5,7,0,833,0,833,1,0,2,1,4,0,1,326,0,0,117000
20,93,12085,8,5,328,1734,0,1734,2,0,3,1,7,1,3,928,0,0,318000
80,NA,7750,8,5,0,779,640,1419,2,1,3,1,7,1,2,527,120,0,184100
20,57,9764,5,7,0,894,0,894,1,0,3,1,5,0,2,450,0,0,130000
80,85,13825,5,6,0,1021,580,1601,1,0,3,1,6,0,1,300,280,34,140000
20,70,7560,5,5,0,1040,0,1040,1,0,3,1,6,0,1,286,140,0,133700
30,59,8263,6,5,0,1012,0,1012,1,0,2,1,6,1,1,308,0,22,118400
20,84,10084,7,5,196,1552,0,1552,2,0,3,1,7,0,3,782,144,20,212900
20,NA,8926,4,3,0,960,0,960,1,0,3,1,5,0,1,288,64,0,112000
20,50,9405,5,9,0,698,0,698,1,0,2,1,4,0,0,0,0,200,118000
80,NA,9125,7,5,170,812,670,1482,2,1,3,1,7,1,2,392,100,25,163900
20,60,10434,4,5,0,1005,0,1005,1,0,2,1,5,1,2,672,0,0,115000
120,53,3684,7,5,130,1555,0,1555,2,0,2,1,7,1,3,660,143,20,174000
20,182,14572,7,5,0,1530,0,1530,2,0,3,1,7,1,3,630,144,36,259000
60,59,11796,7,5,0,847,1112,1959,2,1,4,1,8,1,2,434,100,48,215000
90,60,7200,5,5,180,936,0,936,1,0,2,1,4,0,2,672,49,0,140000
50,65,7804,4,3,0,1328,653,1981,2,0,4,1,7,2,2,576,431,44,135000
20,63,10712,5,5,0,974,0,974,1,0,3,1,5,0,0,0,0,28,93500
70,90,9900,6,4,0,1178,1032,2210,2,0,5,1,8,0,1,205,0,48,117500
60,80,9828,8,5,0,1142,878,2020,2,1,3,1,8,1,2,466,0,155,239500
60,57,8773,6,5,0,916,684,1600,2,1,3,1,7,1,2,460,100,38,169000
30,60,6180,6,5,0,986,0,986,1,0,2,1,5,1,1,180,0,128,102000
50,80,9600,6,5,0,1032,220,1252,1,0,3,1,6,0,1,288,0,0,119000
50,54,6342,5,8,0,780,240,1020,1,0,2,1,6,0,0,0,0,0,94000
20,NA,9819,6,5,0,1567,0,1567,2,0,2,1,5,2,2,714,264,32,196000
30,98,8731,5,5,0,1167,0,1167,1,0,3,1,6,1,2,495,0,0,144000
20,60,7350,5,7,0,952,0,952,1,0,2,1,4,0,2,840,0,0,139000
60,NA,10304,5,7,44,1088,780,1868,2,1,4,1,9,1,2,484,448,96,197500
60,77,9965,8,5,340,1466,1362,2828,3,0,4,1,11,1,3,1052,125,144,424870
20,NA,9000,5,3,0,1006,0,1006,1,0,3,1,5,0,0,0,0,24,80000
190,60,12180,4,4,0,672,252,924,1,0,2,1,5,0,1,280,0,0,80000
50,52,6240,5,6,0,1042,534,1576,1,0,3,1,8,1,1,225,0,0,149000
20,NA,11200,6,5,85,1298,0,1298,2,0,3,1,5,1,2,403,165,26,180000
70,75,12000,7,7,0,860,704,1564,1,1,3,1,7,1,1,234,0,0,174500
50,NA,5700,7,7,0,572,539,1111,1,0,2,1,5,1,1,288,0,0,116900
70,50,9000,7,9,0,832,650,1482,1,0,3,1,7,0,2,324,0,0,143000
20,57,8280,6,5,0,932,0,932,1,0,2,1,4,1,1,306,0,0,124000
20,134,17755,5,4,132,1466,0,1466,1,1,3,1,6,2,2,528,0,140,149900
20,90,14115,6,7,0,1811,0,1811,1,0,2,1,6,1,2,470,0,0,230000
30,NA,5890,6,8,0,816,0,816,1,0,2,1,5,0,1,432,0,0,120500
60,NA,13700,7,6,288,902,918,1820,1,2,4,1,8,2,2,492,60,84,201800
20,90,10768,5,8,0,1437,0,1437,2,0,3,1,6,1,2,528,0,21,218000
80,85,9350,5,8,0,1265,0,1265,2,0,3,1,6,1,2,502,0,92,179900
120,34,5001,7,5,166,1314,0,1314,2,0,2,1,6,1,2,626,172,62,230000
20,92,11932,8,5,186,1580,0,1580,2,0,3,1,7,0,3,830,0,24,235128
60,76,9120,6,6,270,943,933,1876,2,1,4,1,8,1,2,540,0,69,185000
160,24,2280,6,5,0,855,601,1456,2,1,3,1,7,1,2,440,26,0,146000
20,NA,14778,6,7,72,1640,0,1640,1,0,3,1,7,1,2,924,108,0,224000
20,109,8724,5,5,0,894,0,894,1,0,3,1,5,1,2,450,0,0,129000
90,60,12900,4,4,0,1258,0,1258,0,2,0,2,6,0,2,400,120,0,108959
80,NA,16157,5,7,0,1432,0,1432,1,1,2,1,5,1,2,588,168,180,194000
20,79,9541,7,5,268,1502,0,1502,2,0,3,1,7,0,2,644,0,114,233170
20,64,10475,8,5,72,1694,0,1694,2,0,3,1,7,0,3,776,160,33,245350
60,58,10852,6,5,0,959,712,1671,2,1,3,1,7,1,2,472,0,38,173000
70,120,13728,6,7,0,1236,872,2108,2,0,4,1,7,2,2,540,0,0,235000
60,118,35760,10,5,1378,1831,1796,3627,3,1,4,1,10,1,3,807,361,76,625000
80,76,9880,6,6,0,1118,0,1118,1,0,3,1,6,1,1,358,203,0,171000
20,76,9120,6,6,0,1261,0,1261,1,0,3,1,6,1,2,433,0,0,163000
160,35,4017,7,5,0,625,625,1250,2,1,2,1,5,0,2,625,0,54,171900
50,138,18030,5,6,0,1636,971,3086,3,0,3,1,12,1,0,0,122,0,200500
70,80,16560,6,8,0,1170,1175,2345,2,1,4,1,9,1,2,360,0,0,239000
50,85,10678,8,5,337,2129,743,2872,2,1,4,1,9,1,2,541,0,33,285000
20,37,6951,5,5,0,923,0,923,1,0,3,1,5,0,1,264,362,0,119500
50,NA,3950,6,8,0,818,406,1224,1,0,3,1,5,0,1,210,0,0,115000
50,54,7681,5,6,0,820,523,1343,1,1,3,1,7,1,1,186,192,0,154900
20,77,8335,5,5,0,1124,0,1124,1,0,3,1,5,1,0,0,0,36,93000
60,NA,11170,7,5,0,1298,1216,2514,2,1,4,1,8,0,2,693,0,0,250000
120,64,5587,8,5,186,1652,0,1652,2,0,2,1,5,1,2,482,162,53,392500
60,160,15623,10,5,0,2411,2065,4476,3,1,4,1,10,2,3,813,171,78,745000
30,60,10800,5,6,0,1130,0,1130,1,0,2,1,5,1,2,720,229,0,120000
20,50,35133,5,4,226,1572,0,1572,1,1,3,1,5,2,3,995,0,263,186700
50,60,9738,5,7,0,949,272,1221,1,0,4,1,7,0,1,392,0,0,104900
190,107,10615,3,5,0,1014,685,1699,2,0,3,2,7,0,2,420,0,74,95000
20,89,12461,8,5,0,1624,0,1624,2,0,2,1,5,1,3,757,0,114,262000
60,68,8935,7,5,95,831,829,1660,2,1,3,1,7,0,2,493,144,68,195000
60,60,7500,7,5,0,1028,776,1804,2,1,3,1,7,1,2,442,140,60,189000
190,NA,32463,4,4,149,1622,0,1622,1,0,3,1,7,1,4,1356,439,0,168000
160,24,2645,8,5,456,764,677,1441,2,1,2,1,5,0,2,492,206,0,174000
50,60,9600,5,8,0,842,630,1472,1,0,3,1,6,0,1,250,0,0,125000
120,NA,4500,6,5,425,1224,0,1224,2,0,2,1,5,0,2,402,0,304,165000
60,80,9364,6,7,143,663,689,1352,1,1,4,1,7,0,1,299,379,36,158000
60,51,8029,6,5,0,728,728,1456,2,1,3,1,8,0,2,400,100,24,176000
60,58,14054,7,5,0,879,984,1863,2,1,4,1,9,1,3,660,100,17,219210
75,65,8850,7,6,0,815,875,1690,1,0,3,1,7,1,1,225,0,0,144000
20,70,9100,7,5,0,1212,0,1212,2,0,3,1,6,0,2,573,356,0,178000
20,75,11235,4,5,51,1382,0,1382,1,1,3,1,6,1,2,459,0,82,148000
20,71,9353,4,5,0,864,0,864,1,0,3,1,5,0,1,280,0,0,116050
60,80,10400,7,5,0,866,913,1779,2,1,3,1,6,0,2,546,198,36,197900
50,50,6000,5,8,0,884,464,1348,1,0,3,1,5,1,1,216,0,0,117000
20,75,9750,7,5,171,1630,0,1630,2,0,3,1,6,1,2,451,74,234,213000
20,78,10140,5,6,0,1074,0,1074,1,1,3,1,6,0,2,495,0,88,153500
20,90,14684,7,7,234,2196,0,2196,2,0,3,1,7,1,3,701,84,70,271900
20,NA,8900,4,4,0,1056,0,1056,1,0,2,1,5,0,1,384,0,42,107000
20,70,9135,6,5,120,1700,0,1700,2,0,3,1,7,0,2,544,192,23,200000
20,70,7763,5,7,0,1283,0,1283,1,0,3,1,6,0,2,506,0,0,140000
20,85,10182,8,5,420,1660,0,1660,2,0,3,1,8,1,2,500,322,50,290000
60,70,11218,6,5,0,1055,790,1845,2,1,3,1,8,1,2,462,635,104,189000
50,152,12134,8,7,0,1080,672,1752,2,0,4,1,8,0,2,492,325,12,164000
30,50,9340,4,6,0,672,0,672,1,0,2,1,4,0,1,234,0,113,113000
80,NA,10246,4,9,0,960,0,960,0,0,0,1,3,0,1,364,88,0,145000
85,69,10205,5,5,0,999,0,999,1,0,3,1,6,0,1,300,150,72,134500
20,99,7094,5,5,0,894,0,894,1,0,3,1,5,0,1,384,0,0,125000
90,68,8930,6,5,0,1318,584,1902,2,0,4,2,8,0,2,539,0,0,112000
20,72,8640,8,5,72,1314,0,1314,2,0,3,1,6,0,2,552,135,112,229456
50,52,6240,4,5,0,672,240,912,1,0,2,1,3,0,0,0,0,0,80500
160,21,1680,6,5,236,672,546,1218,1,1,3,1,7,0,0,0,201,0,91500
20,66,7800,5,5,0,912,0,912,1,0,2,1,5,0,1,288,0,0,115000
20,55,8250,5,5,0,1211,0,1211,1,0,3,1,5,1,1,322,0,63,134000
50,78,10496,6,6,320,1168,678,1846,2,0,3,1,7,1,1,315,0,0,143000
20,89,10680,5,3,44,2136,0,2136,2,0,4,1,7,0,2,528,0,30,137900
60,60,15384,7,5,0,788,702,1490,2,1,3,1,8,1,2,388,100,75,184000
80,65,10482,6,8,63,1138,0,1138,1,0,3,1,6,0,1,264,224,0,145000
60,86,14598,6,5,74,894,1039,1933,2,1,4,1,9,1,3,668,100,18,214000
20,72,8872,5,8,300,912,0,912,1,0,2,1,5,0,2,576,0,240,147000
120,65,8769,9,5,766,1702,0,1702,1,1,1,1,7,1,3,1052,0,72,367294
80,70,7910,5,5,0,1507,0,1507,2,0,4,1,7,0,1,404,0,0,127000
90,NA,18890,5,5,1,1361,1259,2620,2,2,4,2,12,1,2,600,155,24,190000
90,70,7728,5,6,120,1190,0,1190,1,0,3,1,6,0,2,540,0,18,132500
90,70,9842,4,5,0,1224,0,1224,2,0,2,2,6,0,2,462,0,0,101800
20,NA,12160,5,5,180,1188,0,1188,1,0,3,1,6,0,2,531,0,0,142000
70,55,8525,5,6,0,1024,940,1964,1,1,4,1,7,0,0,0,0,192,130000
70,96,13132,5,5,0,892,892,1784,1,1,4,1,9,0,1,180,203,40,138887
160,36,2628,7,5,106,764,862,1626,2,1,2,1,6,0,2,474,0,27,175500
60,41,12393,7,5,0,847,1101,1948,2,1,4,1,8,1,2,434,100,48,195000
20,63,13072,6,5,0,1141,0,1141,1,1,3,1,6,0,2,484,0,0,142500
20,64,9037,8,5,32,1484,0,1484,2,0,2,1,6,1,2,472,120,33,265900
60,65,8158,7,5,252,884,884,1768,2,1,3,1,8,0,2,543,0,63,224900
20,83,9849,7,6,0,1689,0,1689,2,0,3,1,7,0,3,954,0,56,248328
85,85,10625,7,6,81,1173,0,1173,2,0,3,1,6,2,2,528,0,120,170000
20,107,13891,10,5,NA,2076,0,2076,2,1,2,1,7,1,3,850,216,229,465000
70,NA,11435,8,7,0,792,725,1517,1,0,3,1,7,2,2,400,0,0,230000
80,78,12090,6,7,74,1140,728,1868,3,1,3,1,7,1,2,477,268,112,178000
60,65,8125,7,5,0,756,797,1553,2,1,3,1,6,0,2,615,0,45,186500
80,NA,12328,6,5,335,1034,0,1034,1,0,3,1,6,0,3,888,0,0,169900
75,60,9600,6,5,0,1134,924,2058,1,1,3,1,8,1,2,396,0,0,129500
20,60,7200,5,7,0,988,0,988,1,0,3,1,6,0,1,276,0,80,119000
20,93,11160,7,5,0,2110,0,2110,2,1,3,1,8,2,2,522,0,0,244000
120,NA,3136,7,5,163,1405,0,1405,2,0,2,1,6,1,2,478,148,36,171750
20,62,9858,5,6,0,874,0,874,1,0,3,1,5,0,1,288,33,0,130000
60,NA,17542,7,7,0,1516,651,2167,2,1,3,1,9,2,2,518,220,47,294000
60,60,6931,7,5,92,760,896,1656,2,1,3,1,7,1,2,397,178,128,165400
50,52,6240,6,6,0,959,408,1367,1,0,3,1,6,1,1,560,0,0,127500
20,91,14303,8,5,554,1987,0,1987,2,0,2,1,7,1,2,691,262,36,301500
30,56,4060,5,8,0,864,0,864,1,0,2,1,4,0,0,0,0,96,99900
80,59,9587,7,5,182,1166,0,1166,2,0,2,1,5,0,2,400,212,0,190000
20,65,9750,6,8,0,1054,0,1054,1,1,3,1,6,0,2,460,180,0,151000
60,NA,24682,6,5,0,892,783,1675,2,1,3,1,7,1,2,502,0,103,181000
20,80,9600,5,6,0,1050,0,1050,1,0,2,1,5,0,1,338,0,0,128900
50,NA,11250,4,5,0,1104,684,1788,1,0,5,1,8,2,1,304,120,0,161500
70,60,13515,6,6,0,1060,764,1824,1,0,3,1,8,1,2,520,0,0,180500
120,34,4060,6,5,0,1337,0,1337,2,0,2,1,5,0,2,511,144,68,181000
160,35,3735,7,5,218,713,739,1452,2,1,3,1,6,0,2,506,0,34,183900
190,60,10120,7,4,0,964,925,1889,1,1,4,2,9,1,1,308,0,0,122000
20,89,13214,9,5,0,2018,0,2018,2,0,3,1,10,1,3,746,144,76,378500
50,NA,14100,8,9,632,1968,1479,3447,3,1,4,1,11,2,3,1014,314,12,381000
50,78,11344,5,5,180,874,650,1524,1,1,3,1,7,0,1,315,0,0,144000
40,NA,23595,7,6,0,1332,192,1524,0,1,0,1,4,1,2,586,268,0,260000
20,NA,9156,6,7,0,1489,0,1489,2,0,3,1,7,1,2,462,0,0,185750
20,NA,13526,5,6,114,935,0,935,1,0,3,1,5,0,1,288,180,0,137000
80,124,11512,6,7,84,1357,0,1357,1,0,2,1,5,1,1,312,0,0,177000
50,53,5362,5,6,0,661,589,1250,2,0,3,1,8,1,2,552,242,0,139000
90,95,11345,5,5,567,928,992,1920,2,0,4,2,10,0,2,400,0,0,137000
60,NA,12936,6,6,0,735,660,1395,1,1,3,1,6,1,2,497,294,116,162000
80,NA,17871,6,5,359,1724,0,1724,1,1,3,1,7,1,2,480,0,0,197900
60,75,9473,8,5,NA,1128,903,2031,2,1,3,1,7,1,2,577,0,211,237000
50,60,7500,4,4,0,698,430,1128,1,0,2,1,6,0,2,528,30,0,68400
20,67,9808,7,5,110,1573,0,1573,2,0,3,1,6,0,2,544,0,72,227000
20,50,8049,7,5,54,1339,0,1339,2,0,2,1,6,1,2,484,0,58,180000
20,61,8800,5,7,0,1040,0,1040,2,0,3,1,5,0,2,484,0,0,150500
90,94,9400,6,5,0,912,912,1824,2,2,4,2,8,0,0,0,128,0,139000
50,50,9638,6,7,0,1699,748,2447,2,0,4,1,10,1,1,336,272,0,169000
50,50,6000,6,6,0,825,587,1412,1,0,4,1,6,1,1,280,45,0,132500
20,NA,9790,6,5,451,1328,0,1328,1,1,3,1,6,2,2,528,0,26,143000
20,NA,36500,5,5,621,1582,0,1582,2,0,4,1,7,0,2,390,168,198,190000
120,40,5664,8,5,0,1659,0,1659,2,0,2,1,5,1,2,499,212,59,278000
60,86,11065,8,5,788,1120,850,1970,2,1,3,1,8,1,3,753,177,74,281000
80,NA,14112,5,7,86,1152,0,1152,1,0,3,1,6,1,2,484,227,0,180500
160,21,1680,5,7,268,630,672,1302,2,1,3,1,6,0,1,264,185,0,119500
70,60,6600,5,4,0,1378,994,2372,2,0,4,2,11,0,1,432,0,287,107500
60,78,10140,7,5,0,832,832,1664,2,1,4,1,8,1,2,528,0,28,162900
20,60,8172,5,7,0,864,0,864,1,0,2,1,5,0,2,572,0,0,115000
20,70,8400,5,5,168,1052,0,1052,1,1,3,1,5,0,1,288,356,0,138500
20,80,8700,5,6,148,1128,0,1128,2,0,3,1,6,0,2,525,192,20,155000
180,35,3675,6,5,82,1072,0,1072,2,0,2,1,5,0,2,525,0,44,140000
60,313,63887,10,5,796,4692,950,5642,2,1,3,1,12,3,2,1418,214,292,160000
20,75,7500,5,7,0,1246,0,1246,1,1,3,1,6,0,1,305,218,0,154000
60,NA,10762,7,5,344,1005,978,1983,2,1,3,1,9,1,2,490,0,0,225000
70,NA,7500,6,7,0,753,741,1494,1,0,3,1,7,2,1,213,0,0,177500
60,92,10120,8,5,391,1203,1323,2526,2,1,4,1,8,1,3,844,309,78,290000
20,73,8688,7,5,228,1616,0,1616,2,0,3,1,7,0,3,834,208,59,232000
160,32,3363,7,5,117,976,732,1708,2,0,3,1,7,0,2,380,0,40,130000
20,108,13173,9,5,300,1652,0,1652,2,0,2,1,6,2,2,840,404,102,325000
120,48,6955,7,5,94,1368,0,1368,2,0,2,1,6,1,2,474,132,35,202500
20,60,8072,5,5,0,990,0,990,1,0,3,1,5,0,2,480,0,64,138000
20,100,12000,5,7,0,1122,0,1122,1,0,2,1,6,0,2,528,0,36,147000
20,NA,7153,6,5,88,1294,0,1294,2,0,3,1,6,0,2,496,112,51,179200
20,100,17500,7,8,0,1902,0,1902,2,0,3,1,7,2,2,567,0,207,335000
20,68,8814,7,5,80,1274,0,1274,2,0,3,1,6,0,2,508,264,98,203000
60,NA,9572,8,5,336,1453,1357,2810,2,1,4,1,9,1,2,750,500,0,302000
60,108,14774,9,5,165,1422,1177,2599,2,1,4,1,10,1,3,779,668,30,333168
20,60,8190,4,6,0,948,0,948,1,0,3,1,5,1,1,280,0,36,119000
60,85,11075,6,5,0,1092,1020,2112,2,1,4,1,9,2,2,576,280,0,206900
20,61,10226,8,5,270,1630,0,1630,2,0,3,1,8,1,3,860,172,42,295493
120,47,4230,7,5,0,1352,0,1352,2,0,2,1,5,1,2,466,0,241,208900
20,NA,14781,8,5,178,1787,0,1787,2,0,3,1,7,1,3,748,198,150,275000
20,75,10215,4,5,132,948,0,948,1,0,3,1,5,0,1,248,0,0,111000
20,70,8400,6,3,0,1478,0,1478,1,1,3,1,6,2,2,442,114,0,156500
20,NA,6627,3,6,0,720,0,720,1,0,2,1,4,0,1,287,0,0,72500
60,107,10186,7,5,0,1061,862,1923,2,1,3,1,8,1,2,564,240,39,190000
30,50,5330,4,7,0,708,0,708,1,0,2,1,5,0,0,0,164,0,82500
20,75,9986,8,5,428,1795,0,1795,2,0,2,1,7,1,3,895,0,49,147000
30,40,3636,4,4,0,796,0,796,1,0,2,1,5,0,0,0,0,0,55000
30,70,4270,3,6,0,774,0,774,1,0,3,1,6,0,0,0,0,0,79000
20,60,6600,5,9,0,816,0,816,1,0,3,1,5,1,1,264,0,0,130500
50,60,10440,6,7,0,1584,1208,2792,2,0,5,1,8,2,2,520,0,547,256000
60,63,9084,7,5,0,955,677,1632,2,1,3,1,8,1,2,462,0,28,176500
20,85,10000,8,5,410,1588,0,1588,2,0,3,1,7,1,3,825,144,45,227000
80,55,10780,5,5,0,954,0,954,1,0,3,1,6,0,2,576,0,0,132500
20,67,8877,4,6,0,816,0,816,1,0,2,1,3,1,1,288,0,0,100000
50,60,7200,5,6,0,803,557,1360,1,1,2,1,6,0,1,297,0,65,125500
160,24,2368,5,6,312,765,600,1365,1,1,3,1,7,0,2,440,0,36,125000
20,80,9650,6,5,360,1334,0,1334,2,0,2,1,6,1,2,630,0,16,167900
90,87,9246,5,5,564,1656,0,1656,2,0,4,2,8,0,2,506,0,211,135000
30,153,4118,4,4,0,693,0,693,1,0,2,1,4,0,0,0,0,20,52500
60,95,13450,7,5,0,920,941,1861,2,1,3,1,8,0,2,492,146,91,200000
20,120,9560,5,7,0,864,0,864,1,0,3,1,5,0,1,288,0,0,128500
20,70,8294,4,5,0,872,0,872,1,0,3,1,5,0,4,480,0,0,123000
20,66,13695,6,5,0,1114,0,1114,1,0,3,1,6,0,2,576,0,78,155000
60,NA,9375,8,5,149,1284,885,2169,2,1,3,1,7,1,2,647,192,87,228500
50,57,7558,6,6,0,1172,741,1913,1,1,3,1,9,1,2,342,0,0,177000
60,85,11103,7,5,0,728,728,1456,2,1,3,1,8,1,2,440,0,0,155835
30,50,6000,4,4,0,960,0,960,1,0,2,1,5,0,1,308,0,0,108500
20,NA,20781,7,7,0,2156,0,2156,2,0,3,1,9,1,2,508,0,80,262500
20,93,15306,8,5,100,1776,0,1776,2,0,3,1,7,1,3,712,0,0,283463
20,NA,16196,7,5,0,1494,0,1494,2,0,3,1,5,1,2,514,402,25,215000
70,50,5250,8,5,0,938,1215,2358,2,0,4,1,8,0,0,0,0,54,122000
90,91,11643,5,5,368,1338,1296,2634,2,2,6,2,12,0,4,968,0,0,200000
60,70,9247,6,6,318,858,858,1716,1,1,4,1,8,1,2,490,0,84,171000
50,50,6000,6,9,0,786,390,1176,1,0,2,1,4,0,2,624,210,0,134900
50,56,14720,8,5,579,2053,1185,3238,2,1,4,1,9,1,3,666,283,86,410000
60,NA,10316,7,5,0,992,873,1865,2,1,3,1,7,1,3,839,0,184,235000
80,102,10192,7,6,143,1222,698,1920,3,0,4,1,8,1,2,487,0,98,170000
20,NA,9477,5,5,65,892,0,892,1,0,3,1,5,0,1,264,0,0,110000
20,NA,12537,5,6,0,1078,0,1078,1,1,3,1,6,1,2,500,0,0,149900
160,NA,2117,6,5,216,769,804,1573,2,1,3,1,5,0,2,440,0,32,177500
20,129,16737,9,5,66,1980,0,1980,2,0,3,1,8,1,3,770,194,45,315000
70,51,9842,5,6,0,990,1611,2601,3,1,4,1,8,0,2,621,183,0,189000
20,124,16158,7,5,16,1530,0,1530,2,0,3,1,7,1,2,430,168,36,260000
50,NA,12513,4,4,0,1281,457,1738,2,0,4,1,7,1,1,368,55,0,104900
60,73,8499,6,5,0,616,796,1412,2,1,3,1,6,1,2,432,0,36,156932
160,30,3180,7,5,0,520,600,1200,2,1,2,1,4,0,2,480,0,166,144152
60,NA,7500,7,5,0,814,860,1674,2,1,3,1,7,0,2,663,0,96,216000
60,68,9179,7,5,158,882,908,1790,2,1,3,1,7,0,2,588,0,88,193000
160,41,2665,5,6,0,925,550,1475,2,0,4,1,6,1,1,336,104,26,127000
120,NA,4435,6,5,170,848,0,848,1,0,1,1,4,0,2,420,140,0,144000
20,48,10635,8,5,171,1668,0,1668,2,0,3,1,8,1,2,502,0,262,232000
50,90,5400,4,6,0,840,534,1374,1,0,2,1,6,0,1,338,0,0,105000
80,80,9600,6,6,0,1661,0,1661,1,0,3,1,8,1,1,377,0,28,165500
60,75,9750,7,6,0,1108,989,2097,2,1,3,1,8,1,2,583,253,170,274300
20,NA,11400,10,5,705,2633,0,2633,2,1,2,1,8,2,3,804,314,140,466500
60,85,10625,7,5,0,1026,932,1958,2,1,3,1,9,1,3,936,154,210,250000
20,89,10991,8,5,80,1571,0,1571,2,0,3,1,7,1,3,722,100,36,239000
30,52,6292,6,5,0,790,0,790,1,0,2,1,4,0,1,160,0,141,91000
50,60,10998,5,5,0,984,620,1604,2,0,3,1,6,0,2,660,0,68,117000
160,21,1953,6,5,408,483,504,987,1,1,2,1,5,0,1,264,72,0,83000
80,73,9735,5,5,0,754,640,1394,2,1,3,1,7,0,2,400,100,0,167500
30,45,8212,3,3,0,864,0,864,1,0,2,1,5,0,1,200,0,0,58500
20,NA,12925,6,7,0,2117,0,2117,2,1,4,1,7,2,2,550,0,42,237500
70,60,7200,7,7,0,998,764,1762,1,1,4,1,8,0,2,576,36,0,157000
30,NA,25339,5,7,0,1416,0,1416,2,0,3,1,7,0,2,576,0,0,112000
50,60,9060,6,5,0,698,560,1258,1,0,2,1,6,0,1,280,0,0,105000
50,40,5436,4,8,0,796,358,1154,1,0,3,1,7,0,1,240,0,96,125500
60,80,16692,7,5,184,1392,1392,2784,3,1,5,1,12,2,2,564,0,112,250000
50,60,8520,6,7,0,1664,862,2526,2,0,5,1,10,1,1,216,88,15,136000
20,42,14892,9,5,160,1746,0,1746,2,0,3,1,7,2,3,758,201,39,377500
50,60,6000,6,6,0,869,349,1218,1,0,3,1,6,1,2,440,0,0,131000
20,70,9100,7,5,244,1525,0,1525,2,0,3,1,6,0,2,541,219,36,235000
90,65,8944,5,5,0,1584,0,1584,2,0,4,2,8,0,3,792,0,152,124000
85,68,7838,5,5,0,900,0,900,1,0,3,1,6,1,1,288,175,144,123000
190,60,10800,6,7,0,1221,691,1912,2,0,3,2,7,1,2,672,0,25,163000
120,53,4045,7,5,45,1500,0,1500,2,0,2,1,6,1,3,648,161,20,246578
60,88,12665,8,5,245,1133,1349,2482,2,1,4,1,9,1,3,642,144,39,281213
20,NA,57200,5,5,0,1687,0,1687,1,0,3,1,7,2,2,572,0,0,160000
70,51,6120,5,8,0,939,574,1513,1,1,4,1,8,0,1,180,24,0,137500
50,60,7200,5,4,0,1136,768,1904,1,1,3,1,7,0,1,240,0,0,138000
50,51,6171,6,6,0,1160,448,1608,2,1,3,1,7,1,1,216,147,16,137450
50,50,6000,6,7,0,950,208,1158,1,0,3,1,5,1,1,208,0,0,120000
60,62,7415,6,5,0,864,729,1593,2,1,3,1,8,1,2,398,100,75,193000
20,64,6762,7,5,0,1294,0,1294,2,0,2,1,6,1,2,662,168,55,193879
20,49,15256,8,5,84,1464,0,1464,2,0,3,1,6,0,3,754,168,160,282922
50,60,10410,3,4,0,694,520,1214,1,0,3,1,6,0,3,936,216,0,105000
120,44,3842,8,5,174,1646,0,1646,2,0,2,1,5,1,2,482,128,53,275000
85,70,8445,5,7,0,768,0,768,1,0,2,1,5,0,2,396,58,0,133000
20,NA,8780,5,5,0,833,0,833,1,0,3,1,5,0,0,0,0,0,112000
70,60,7740,4,7,0,741,622,1363,1,0,3,1,6,0,2,528,0,0,125500
60,46,20544,7,6,123,1236,857,2093,2,1,3,1,7,1,2,542,364,63,215000
60,79,12420,7,5,0,944,896,1840,2,1,3,1,6,0,2,622,0,45,230000
50,80,9600,6,8,0,1112,556,1668,1,1,3,1,6,0,1,271,0,0,140000
90,60,7200,4,5,0,1040,0,1040,2,0,2,2,6,0,2,420,0,0,90000
20,88,10994,8,5,366,1844,0,1844,2,0,2,1,7,1,2,620,165,44,257000
50,64,13053,6,7,0,1053,795,1848,1,1,4,1,8,1,2,370,0,0,207000
120,51,3635,7,5,130,1569,0,1569,2,0,1,1,7,1,3,660,143,20,175900
190,60,11340,4,6,0,1246,1044,2290,2,0,4,2,11,0,2,560,0,0,122500
60,NA,16545,8,5,731,1310,1140,2450,2,1,3,1,7,1,3,1069,0,126,340000
20,71,9204,5,5,0,1144,0,1144,1,1,3,1,6,0,1,336,0,88,124000
20,NA,16381,6,5,312,1844,0,1844,2,0,3,1,7,1,2,540,0,73,223000
60,90,11700,6,6,420,708,708,1416,2,1,3,1,7,1,2,776,0,169,179900
120,53,4043,6,5,0,1069,0,1069,2,0,2,1,4,1,2,440,0,55,127500
120,37,4435,6,5,170,848,0,848,1,0,1,1,3,0,2,420,140,0,136500
80,NA,19690,6,7,0,1575,626,2201,2,0,4,1,8,1,2,432,586,236,274970
20,NA,9503,5,5,0,1344,0,1344,1,0,2,1,6,1,1,484,316,28,144000
20,80,10721,6,6,243,1252,0,1252,1,0,3,1,7,0,2,528,0,39,142000
60,81,10944,7,5,448,1223,904,2127,2,1,3,1,5,2,2,525,171,132,271000
50,60,10930,5,6,0,1048,510,1558,1,1,3,1,6,1,1,288,0,0,140000
30,60,7200,5,7,294,804,0,804,1,0,2,1,4,2,1,240,0,0,119000
20,NA,12546,6,7,310,1440,0,1440,2,0,3,1,7,1,2,467,0,0,182900
60,60,21930,5,5,0,734,1104,1838,2,1,4,1,7,1,2,372,100,40,192140
120,NA,4928,6,6,0,958,0,958,2,0,2,1,5,0,2,440,0,60,143750
30,60,10800,4,6,0,968,0,968,2,0,4,1,5,0,1,216,0,0,64500
60,93,10261,6,5,318,962,830,1792,2,1,3,1,8,1,2,451,0,0,186500
20,80,17400,5,5,0,1126,0,1126,2,0,3,1,5,1,2,484,295,41,160000
20,80,8400,6,9,237,1537,0,1537,1,1,3,1,7,1,2,462,0,36,174000
20,60,9000,4,6,0,864,0,864,1,0,3,1,5,0,2,528,0,0,120500
20,96,12444,8,5,426,1932,0,1932,2,0,2,1,7,1,3,774,0,66,394617
20,90,7407,6,7,0,1236,0,1236,1,0,2,1,6,0,2,923,0,158,149700
60,80,11584,7,6,96,1040,685,1725,2,1,3,1,6,1,2,550,0,88,197000
70,79,11526,6,7,0,1423,748,2555,2,0,3,1,11,1,2,672,431,0,191000
120,NA,4426,6,5,147,848,0,848,1,0,1,1,3,1,2,420,149,0,149300
60,85,11003,10,5,160,1026,981,2007,2,1,3,1,10,1,3,812,168,52,310000
30,NA,8854,6,6,0,952,0,952,1,0,2,1,4,1,1,192,0,98,121000
20,63,8500,7,5,106,1422,0,1422,2,0,3,1,7,0,2,626,192,60,179600
85,70,8400,6,5,0,913,0,913,1,0,3,1,6,0,1,240,0,0,129000
20,NA,26142,5,7,189,1188,0,1188,1,0,3,1,6,0,1,312,261,39,157900
60,80,10000,8,5,438,1220,870,2090,2,1,3,1,8,1,2,556,0,65,240000
50,70,11767,4,7,0,796,550,1346,1,1,2,1,6,0,1,384,168,24,112000
180,21,1533,5,7,0,630,0,630,1,0,1,1,3,0,0,0,0,0,92000
90,60,9000,5,5,0,896,896,1792,2,2,4,2,8,0,0,0,32,45,136000
20,78,9262,8,5,194,1578,0,1578,2,0,3,1,7,1,3,840,0,36,287090
180,35,3675,5,5,80,1072,0,1072,1,0,2,1,5,0,2,525,0,28,145000
20,90,17217,5,5,0,1140,0,1140,1,0,3,1,6,0,0,0,36,56,84500
20,62,7500,7,5,0,1221,0,1221,2,0,2,1,6,0,2,400,0,113,185000
60,62,7917,6,5,0,953,694,1647,2,1,3,1,7,1,2,460,0,40,175000
20,85,13175,6,6,119,2073,0,2073,2,0,3,1,7,2,2,500,349,0,210000
70,66,9042,7,9,0,1188,1152,2340,2,0,4,1,9,2,1,252,0,60,266500
20,68,9717,5,6,0,1078,0,1078,1,0,2,1,5,0,1,240,366,0,142125
20,75,9937,5,6,0,1256,0,1256,1,1,3,1,6,0,1,276,736,68,147500
